date,serial_number,model,capacity_bytes,failure,reallocated-sectors-count-normal,reallocated-sectors-count-raw,power-on-hours-normal,power-on-hours-raw,power-cycle-count-normal,power-cycle-count-raw,reported-uncorrectable-errors-normal,reported-uncorrectable-errors-raw,temperature-difference-normal,temperature-difference-raw,hardware-ecc-recovered-normal,hardware-ecc-recovered-raw,ultradma-crc-error-count-normal,ultradma-crc-error-count-raw,total-lbas-written-normal,total-lbas-written-raw,total-lbas-read-normal,total-lbas-read-raw
2021-06-18,Z7OVTDBIT,TOSHIBA MQ01ABF050M,5.00108E+11,1,100,0,60,16312,100,7,,,,,,,200,1,,,,
2021-04-10,ZL0055YL,ST12000NM0008,1.2E+13,1,99,4008,91,8601,100,1,39,61,59,41,1,46326720,200,0,100,59821282984,100,1.23E+11
2021-04-01,AAG8RN9H,HGST HUH721212ALN604,1.20001E+13,0,100,0,98,18488,100,37,,,,,,,200,0,,,,
2021-06-23,1170A075F97G,TOSHIBA MG07ACA14TA,1.40005E+13,1,100,0,94,2783,100,2,,,,,,,200,0,,,,
2021-04-28,ZHZ631JZ,ST12000NM0008,1.2E+13,1,100,1000,89,9652,100,2,73,27,67,33,1,92824808,200,0,100,59818363520,100,1.36E+11
2021-04-01,ZL0055EG,ST12000NM0008,1.20001E+13,0,100,0,95,4849,100,2,100,0,79,21,1,110842416,200,0,100,23486752920,100,98452904701
2021-06-01,ZA16DQ44,ST8000NM0055,8.00156E+12,1,85,59072,58,37053,100,12,1,136,70,30,81,141060232,200,0,100,77342167800,100,2.90934E+11
2021-04-18,Z304GX8A,ST4000DM000,4E+12,1,100,0,46,47777,100,11,100,0,79,21,,,200,0,100,58859309880,100,2.95E+11
2021-04-01,5PHKYN2F,HGST HUH721212ALE604,1.20001E+13,0,100,0,100,179,100,3,,,,,,,200,0,,,,
2021-06-03,ZA143CY5,ST8000DM002,8.00156E+12,1,95,20792,55,40274,100,30,25,75,64,36,15,72965840,200,0,100,85791897656,100,2.72731E+11
2021-06-19,ZA12C5LZ,ST8000DM002,8.00156E+12,1,97,14456,51,43028,100,23,1,107,65,35,18,149706720,200,0,100,89001876104,100,3.25199E+11
2021-04-01,ZHZ661NN,ST12000NM0008,1.20001E+13,0,100,0,91,8253,100,1,100,0,74,26,3,234362840,200,0,100,55070960776,100,1.24607E+11
2021-04-06,ZLW15TQQ,ST14000NM001G,1.4E+13,1,100,0,96,4102,100,3,100,0,67,33,,,200,0,100,41902358536,100,78680522972
2021-06-04,Z304HNX6,ST4000DM000,4.00079E+12,1,100,0,45,48603,100,13,1,378,81,19,,,200,0,100,59195980672,100,3.48957E+11
2021-06-03,57GGPD9OT,TOSHIBA MQ01ABF050,5.00108E+11,1,100,0,26,29720,100,14,,,,,,,200,0,,,,
2021-04-01,Z305JZTJ,ST4000DM000,4.00079E+12,0,100,0,50,44239,100,4,100,0,73,27,,,200,0,100,55041865760,100,2.77737E+11
2021-04-01,ZHZ2YE8N,ST12000NM0008,1.20001E+13,0,100,0,86,12534,100,4,100,0,71,29,2,81128480,200,0,100,67559897768,100,1.44436E+11
2021-04-01,70E0A0Z7F97G,TOSHIBA MG07ACA14TA,1.40005E+13,0,100,0,88,4835,100,3,,,,,,,200,0,,,,
2021-06-05,70X0A07ZF97G,TOSHIBA MG07ACA14TA,1.40005E+13,1,100,0,92,3527,100,1,,,,,,,200,0,,,,
2021-06-12,ZHZ50G6H,ST12000NM0008,1.20001E+13,1,100,0,86,12979,100,10,100,0,60,40,1,218910960,200,0,100,61958430088,100,1.69462E+11
2021-04-06,ZJV00L4T,ST12000NM0007,1.2E+13,1,85,59568,80,18055,100,27,1,178,57,43,79,73414888,200,0,100,95577238528,100,1.86E+11
2021-04-01,2AGPKA6Y,HGST HUH721212ALN604,1.20001E+13,0,100,0,98,16266,100,2,,,,,,,200,0,,,,
2021-04-01,ZA13YG9K,ST8000DM002,8.00156E+12,0,100,8,57,38019,100,8,100,0,69,31,1,214088856,200,0,100,83617211256,100,2.74566E+11
2021-06-28,Z7OVTDC3T,TOSHIBA MQ01ABF050M,5.00108E+11,1,100,0,38,25093,100,12,,,,,,,200,3,,,,
2021-04-01,Z304L9K1,ST4000DM000,4.00079E+12,0,100,0,47,47070,100,5,94,6,75,25,,,200,0,100,56071948104,100,3.42237E+11
2021-04-18,ZLW18TYE,ST14000NM001G,1.4E+13,1,100,0,95,5044,100,1,100,0,69,31,,,200,0,100,49530303760,100,86336000854
2021-04-01,ZCH0AYDR,ST12000NM0007,1.20001E+13,0,100,0,68,28221,100,3,100,0,80,20,84,230251912,200,0,100,68764828504,100,2.73019E+11
2021-04-05,ZLW17S8A,ST14000NM001G,1.4E+13,1,100,0,97,3435,100,2,100,0,64,36,,,200,0,100,42035124192,100,65880160780
2021-04-01,39D0A004F97G,TOSHIBA MG07ACA14TA,1.40005E+13,0,100,0,75,10203,100,3,,,,,,,200,0,,,,
2021-04-01,X1G8R3JL,WDC WUH721414ALE6L4,1.40005E+13,0,100,0,100,2739,100,1,,,,,,,100,0,,,,
2021-04-26,ZA10LSEL,ST8000DM002,8E+12,1,96,16016,52,42343,100,3,1,218,61,39,21,109456536,200,0,100,86919108664,100,3.32E+11
2021-06-07,Z305GWE1,ST4000DM000,4.00079E+12,1,100,0,47,46489,100,6,100,0,78,22,,,200,0,100,55780779776,100,3.64529E+11
2021-04-01,ZHZ668W0,ST12000NM0008,1.20001E+13,0,100,0,91,8599,100,1,100,0,75,25,1,31327048,200,0,100,55160500448,100,1.11131E+11
2021-04-01,Y8S0A078F97G,TOSHIBA MG07ACA14TA,1.40005E+13,0,100,0,70,12216,100,4,,,,,,,200,0,,,,
2021-04-01,PL1331LAH1K4BH,HGST HMS5C4040BLE640,4.00079E+12,0,100,0,96,32964,100,16,,,,,,,200,0,,,,
2021-04-01,70M0A03EFV8G,TOSHIBA MG08ACA16TEY,1.60009E+13,0,100,0,91,3828,100,15,,,,,,,200,0,100,54825072091,100,1.23389E+11
2021-04-07,Z302SZPC,ST4000DM000,4E+12,1,100,0,45,49045,100,42,85,15,74,26,,,200,0,100,66053583400,100,2.6E+11
2021-04-30,176FT02OT,TOSHIBA MQ01ABF050M,5E+11,1,100,0,16,33924,100,7,,,,,,,200,0,,,,
2021-06-11,11J0A0EQF97G,TOSHIBA MG07ACA14TA,1.40005E+13,1,100,0,94,2500,100,1,,,,,,,200,0,,,,
2021-04-01,S300Z4RN,ST4000DM000,4.00079E+12,0,100,0,42,51457,100,7,100,0,79,21,,,200,0,100,68199354232,100,2.63436E+11
2021-04-16,S3019Z75,ST4000DM000,4E+12,1,100,0,50,44541,100,6,76,24,76,24,,,200,0,100,47456441376,100,3.17E+11
2021-04-01,ZA142SJD,ST8000DM002,8.00156E+12,0,100,0,56,38767,100,5,100,0,69,31,1,206738120,200,0,100,82862175512,100,2.68216E+11
2021-06-19,ZA180QA8,ST8000NM0055,8.00156E+12,1,100,472,62,33838,100,10,100,0,61,39,76,40703528,200,0,100,71889964600,100,2.69182E+11
2021-06-16,ZHZ631J2,ST12000NM0008,1.20001E+13,1,100,24,88,10822,100,2,98,2,74,26,4,28458080,200,0,100,62746146232,100,1.46023E+11
2021-04-01,ZCH0D5SW,ST12000NM0007,1.20001E+13,0,100,0,72,25391,100,12,100,0,78,22,83,205416080,200,0,100,55730610256,100,2.20598E+11
2021-06-28,ZHZ4WX1S,ST12000NM0008,1.20001E+13,1,100,0,85,13337,100,3,93,7,74,26,3,10012280,200,0,100,64285019856,100,1.56184E+11
2021-04-01,7060A10YFV8G,TOSHIBA MG08ACA16TEY,1.60009E+13,0,100,0,95,2329,100,60,,,,,,,200,0,100,37724791774,100,1.09862E+11
2021-06-24,PL1331LAHBK8GH,HGST HMS5C4040BLE640,4.00079E+12,1,100,0,95,35128,100,28,,,,,,,200,0,,,,
2021-06-07,ZA181KDV,ST8000NM0055,8.00156E+12,1,91,37745,61,34227,100,13,57,43,62,38,83,180091128,200,0,100,72373350256,100,2.8587E+11
2021-04-01,Z304L9KG,ST4000DM000,4.00079E+12,0,100,0,46,48102,100,6,100,0,76,24,,,200,0,100,60787714328,100,3.43923E+11
2021-06-10,ZL23XS81,ST16000NM001G,1.60009E+13,1,100,0,100,692,100,1,100,0,72,28,,,200,0,100,724656512,100,321405364
2021-04-20,40P0A083F97G,TOSHIBA MG07ACA14TA,1.4E+13,1,100,0,84,6737,100,5,,,,,,,200,0,,,,
2021-04-01,5PH8KU1F,HGST HUH721212ALE604,1.20001E+13,0,100,0,100,145,100,2,,,,,,,200,0,,,,
2021-04-01,1170A03FF97G,TOSHIBA MG07ACA14TA,1.40005E+13,0,100,0,99,799,100,1,,,,,,,200,0,,,,
2021-04-01,40N0A049F97G,TOSHIBA MG07ACA14TA,1.40005E+13,0,100,0,86,5740,100,2,,,,,,,200,0,,,,
2021-06-08,ZLW0GQ9T,ST12000NM001G,1.20001E+13,1,100,0,90,9338,100,1,100,0,76,24,,,200,0,100,60239763848,100,1.24212E+11
2021-04-01,AAG623RH,HGST HUH721212ALN604,1.20001E+13,0,100,0,98,19994,100,2,,,,,,,200,0,,,,
2021-04-29,PL1331LAHD4NWH,HGST HMS5C4040BLE640,4E+12,1,100,0,95,38359,100,16,,,,,,,200,0,,,,
2021-06-22,ZHZ3RNZS,ST12000NM0008,1.20001E+13,1,100,2656,83,14923,100,5,100,0,67,33,2,20185520,200,0,100,71579405664,100,2.07494E+11
2021-06-23,202328794E9D,MTFDDAV240TCB,2.40057E+11,1,100,0,100,5798,100,15,,,,,100,0,100,0,,,,
2021-04-24,564ESIYJS,TOSHIBA MQ01ABF050,5E+11,1,100,0,29,28604,100,10,,,,,,,200,0,,,,
2021-04-01,PL2331LAHDBG4J,HGST HMS5C4040BLE640,4.00079E+12,0,100,0,94,43327,100,4,,,,,,,200,0,,,,
2021-04-23,ZA13YP3F,ST8000DM002,8E+12,1,100,1048,58,37304,100,14,96,4,65,35,23,138011392,200,0,100,79637000984,100,2.84E+11
2021-06-26,175PP3ITT,TOSHIBA MQ01ABF050M,5.00108E+11,1,100,0,7,37507,100,7,,,,,,,200,0,,,,
2021-04-01,ZHZ3CNVY,ST14000NM0138,1.40005E+13,0,100,0,97,3206,100,18,100,0,68,32,2,118230584,200,0,100,36856305827,100,33331638957
2021-06-12,ZJV4H7FQ,ST12000NM0007,1.20001E+13,1,40,39610,83,15152,100,4,1,546,61,39,82,163069920,200,0,100,72689903160,100,2.00179E+11
2021-06-08,ZHZ3RBC1,ST12000NM0008,1.20001E+13,1,100,16,84,14203,100,3,94,6,75,25,1,211399512,200,0,100,67883801776,100,2.10161E+11
2021-06-01,ZL230M4M,ST16000NM001G,1.60009E+13,1,100,0,98,1967,100,2,100,0,73,27,,,200,0,100,26181527272,100,28075322496
2021-04-01,X0GB6JHC,WDC WUH721414ALE6L4,1.40005E+13,0,100,0,100,4013,100,2,,,,,,,100,0,,,,
2021-04-01,ZA171SXQ,ST8000NM0055,8.00156E+12,0,100,0,61,34393,100,9,100,0,71,29,74,23091416,200,0,100,74526796304,100,2.60515E+11
2021-04-01,ZA13R3HV,ST8000DM002,8.00156E+12,0,100,0,57,38020,100,9,100,0,67,33,1,229712312,200,0,100,81568128928,100,2.62646E+11
2021-04-01,8DJ401WH,HGST HUH721212ALE604,1.20001E+13,0,100,0,100,5850,100,3,,,,,,,200,0,,,,
2021-04-10,ZLW18S15,ST14000NM001G,1.4E+13,1,100,0,94,5288,100,6,100,0,69,31,,,200,0,100,50146345568,100,1.03E+11
2021-06-21,5080A0SEF97G,TOSHIBA MG07ACA14TA,1.40005E+13,1,100,0,83,6838,100,2,,,,,,,200,0,,,,
2021-04-08,Z304HZ06,ST4000DM000,4E+12,1,100,24,47,47237,100,9,21,79,81,19,,,200,0,100,57045470600,100,3.36E+11
2021-04-01,7050A03JF97G,TOSHIBA MG07ACA14TA,1.40005E+13,0,100,0,88,5080,100,2,,,,,,,200,0,,,,
2021-06-01,ZA1818DM,ST8000NM0055,8.00156E+12,1,95,20249,62,33353,100,21,42,58,63,37,78,62757608,200,0,100,70418146328,100,2.84536E+11
2021-04-01,ZLW0EGSQ,ST12000NM001G,1.20001E+13,0,100,0,92,7626,100,2,100,0,70,30,,,200,0,100,53808446920,100,1.02737E+11
2021-04-27,ZLW17RWN,ST14000NM001G,1.4E+13,1,100,96,94,5283,100,1,81,19,69,31,,,200,0,100,50503762304,100,1.17E+11
2021-04-01,WD-WX41A3575J2P,WDC WD5000LPVX,5.00108E+11,0,200,0,43,42170,100,3,,,,,,,200,0,,,,
2021-04-01,X0GE9VJC,WDC WUH721414ALE6L4,1.40005E+13,0,100,0,100,4013,100,2,,,,,,,100,0,,,,
2021-06-27,11K0A011F97G,TOSHIBA MG07ACA14TA,1.40005E+13,1,100,0,96,1817,100,3,,,,,,,200,0,,,,
2021-05-27,ZHZ4FTLL,ST14000NM0138,1.40005E+13,1,100,0,95,4684,100,28,51,49,73,27,1,13460768,200,0,100,47099253685,100,50815794734
2021-04-01,X0GDZ78C,WDC WUH721414ALE6L4,1.40005E+13,0,100,0,100,4014,100,1,,,,,,,100,0,,,,
2021-04-01,Z305N9ZQ,ST4000DM000,4.00079E+12,0,100,0,49,44711,100,8,100,0,65,35,,,200,0,100,51430020896,100,2.55374E+11
2021-04-01,8HKRH37H,HGST HUH721212ALN604,1.20001E+13,0,100,0,98,17116,100,2,,,,,,,200,0,,,,
2021-04-04,ZJV03PR8,ST12000NM0007,1.2E+13,1,72,48232,71,25446,100,13,1,637,73,27,79,73305176,200,0,100,60077426376,100,2.48E+11
2021-04-25,S2ZYJ9FG404765,ST500LM012 HN,5E+11,1,252,0,100,34542,100,23,,,,,100,0,200,0,,,,
2021-04-01,ZA11MY3R,ST8000DM002,8.00156E+12,0,100,0,54,41133,100,13,100,0,67,33,1,130328280,200,0,100,87190299704,100,2.60796E+11
2021-04-24,Z302SZNE,ST4000DM000,4E+12,1,96,5520,45,49003,100,28,1,106,75,25,,,200,0,100,64662231288,100,3.15E+11
2021-04-01,5PHRD5BD,HGST HUH721212ALE604,1.20001E+13,0,100,0,100,189,100,2,,,,,,,200,0,,,,
2021-06-09,ZA1438N5,ST8000DM002,8.00156E+12,1,100,112,54,40421,100,8,91,9,71,29,21,133002960,200,0,100,85310212864,100,2.77493E+11
2021-04-10,ZL0050ZH,ST12000NM0008,1.2E+13,1,99,6536,91,8586,100,5,1,168,58,42,2,50408048,200,0,100,59804773104,100,1.21E+11
2021-04-01,X0GG2Z1C,WDC WUH721414ALE6L4,1.40005E+13,0,100,0,100,4027,100,2,,,,,,,100,0,,,,
2021-05-10,7QT02V93,Seagate BarraCuda 120 SSD ZA250CM10003,2.50059E+11,1,100,0,100,2121,100,7,,,,,,,,,100,7647,100,7156
2021-04-01,ZHZ4F5AY,ST12000NM0008,1.20001E+13,0,100,0,86,12525,100,10,100,0,72,28,100,1422944,200,0,100,67504086128,100,1.42459E+11
2021-06-03,ZHZ3S01C,ST12000NM0008,1.20001E+13,1,100,64,84,14097,100,4,1,1557,72,28,1,47586656,200,0,100,66660815888,100,2.26357E+11
2021-04-01,S3010LZE,ST4000DM000,4.00079E+12,0,100,0,42,51496,100,7,100,0,78,22,,,200,0,100,67392626000,100,2.66853E+11
2021-04-01,10B0A05TF97G,TOSHIBA MG07ACA14TA,1.40005E+13,0,100,0,76,9910,100,4,,,,,,,200,0,,,,
2021-06-17,7QT032NR,Seagate BarraCuda 120 SSD ZA250CM10003,2.50059E+11,1,100,0,100,836,100,9,,,,,,,,,100,3976,100,121
2021-04-23,PL2331LAHB8UAJ,HGST HMS5C4040BLE640,4E+12,1,100,0,95,36626,100,8,,,,,,,200,0,,,,
2021-04-01,11J0A05JF97G,TOSHIBA MG07ACA14TA,1.40005E+13,0,100,0,99,793,100,4,,,,,,,200,0,,,,
2021-04-01,Z305L5TG,ST4000DM000,4.00079E+12,0,100,0,49,44706,100,11,100,0,68,32,,,200,0,100,51752919976,100,2.76743E+11
2021-06-18,X0GE56DC,WDC WUH721414ALE6L4,1.40005E+13,1,100,0,100,5883,100,4,,,,,,,100,0,,,,
2021-04-15,ZHZ4MZ2W,ST12000NM0008,1.2E+13,1,100,72,87,11562,100,3,48,52,76,24,3,14182616,200,0,100,60183984568,100,1.33E+11
2021-04-01,ZHZ3ARYG,ST14000NM0138,1.40005E+13,0,100,0,98,2508,100,20,100,0,71,29,4,58930488,200,0,100,32509361397,100,28830068165
2021-06-23,ZA17ZPP5,ST8000NM0055,8.00156E+12,1,91,39000,62,34106,100,12,47,53,58,42,83,198452616,200,0,100,70722011536,100,3.05888E+11
2021-04-01,ZLW0C6Z0,ST12000NM001G,1.20001E+13,0,100,0,92,7205,100,4,100,0,74,26,,,200,0,100,54319393376,100,95369141610
2021-04-30,ZA180YVW,ST8000NM0055,8E+12,1,99,6336,62,33317,100,13,83,17,59,41,75,34680744,200,0,100,71651337656,100,2.79E+11
2021-04-01,PL1331LAHBS5TH,HGST HMS5C4040BLE640,4.00079E+12,0,100,0,94,42053,100,3,,,,,,,200,0,,,,
2021-04-01,AAG6382H,HGST HUH721212ALN604,1.20001E+13,0,100,0,98,19984,100,5,,,,,,,200,0,,,,
2021-04-01,ZA12RBBM,ST8000DM002,8E+12,1,91,36992,54,40915,100,8,1,189,70,30,16,51336344,200,0,100,79347831656,100,3.39E+11
2021-04-01,ZHZ4FTMK,ST14000NM0138,1.40005E+13,0,100,0,97,3346,100,28,100,0,74,26,2,105325728,200,0,100,37959565053,100,33435906513
2021-04-01,Z304JT0X,ST4000DM000,4.00079E+12,0,100,0,46,48048,100,15,100,0,66,34,,,200,0,100,63910161368,100,2.75643E+11
2021-04-08,Z302SZLY,ST4000DM000,4E+12,1,97,3168,45,48619,100,27,1,175,72,28,,,200,0,100,65870959120,100,2.83E+11
2021-04-01,7080A0ESF97G,TOSHIBA MG07ACA14TA,1.40005E+13,0,100,0,93,2899,100,3,,,,,,,200,0,,,,
2021-06-28,17OYTGL9T,TOSHIBA MQ01ABF050,5.00108E+11,1,100,0,23,31142,100,19,,,,,,,200,0,,,,
2021-04-01,ZJV0RBVP,ST12000NM0007,1.20001E+13,0,100,0,79,18848,100,10,100,0,73,27,82,175869208,200,0,100,31817135584,100,67724106126
2021-06-24,S301NJHQ,ST4000DM000,4.00079E+12,1,100,48,44,49557,100,23,1,118,73,27,,,200,0,100,63466391680,100,7.03079E+11
2021-06-06,S300Z7KY,ST4000DM000,4.00079E+12,1,100,0,40,53091,100,2,99,1,80,20,,,200,0,100,69897246944,100,2.77506E+11
2021-06-10,88P0A09CF97G,TOSHIBA MG07ACA14TA,1.40005E+13,1,100,0,42,23564,100,7,,,,,,,200,0,,,,
2021-04-01,8DGR042H,HGST HUH721212ALE604,1.20001E+13,0,100,0,100,5346,100,4,,,,,,,200,0,,,,
2021-04-01,ZA11NYQ9,ST8000DM002,8.00156E+12,0,100,0,54,41130,100,16,100,0,55,45,1,165397428,200,0,100,87364643280,100,2.86132E+11
2021-04-01,ZLW17SAA,ST14000NM001G,1.40005E+13,0,100,0,97,3336,100,3,100,0,67,33,,,200,0,100,41385356320,100,63628161332
2021-05-14,5641SFR1S,TOSHIBA MQ01ABF050,5.00108E+11,1,100,0,1,39949,100,10,,,,,,,200,0,,,,
2021-04-15,Z68WT23IT,TOSHIBA MQ01ABF050M,5E+11,1,100,0,11,35795,100,10,,,,,,,200,0,,,,
2021-04-01,ZCH01VD8,ST12000NM0007,1.20001E+13,0,100,0,69,27534,100,3,100,0,71,29,75,34524016,200,0,100,68198207952,100,2.60206E+11
2021-04-01,PL2331LAGSULLJ,HGST HMS5C4040ALE640,4.00079E+12,0,100,0,93,49161,100,13,,,,,,,200,0,,,,
2021-04-25,ZL23AYPQ,ST16000NM001G,1.6E+13,1,100,0,99,1080,100,1,100,0,66,34,,,200,0,100,13642349416,100,13027762460
2021-04-01,ZJV0087Y,ST12000NM0007,1.20001E+13,0,100,0,71,26082,100,13,100,0,58,42,79,84644320,200,0,100,57144389984,100,2.8254E+11
2021-04-01,S300Z59P,ST4000DM000,4.00079E+12,0,100,0,43,50561,100,6,100,0,78,22,,,200,0,100,68109399328,100,2.68209E+11
2021-06-14,Y0E0A04MF97G,TOSHIBA MG07ACA14TA,1.40005E+13,1,100,0,91,3674,100,2,,,,,,,200,0,,,,
2021-06-25,ZA181441,ST8000NM0055,8.00156E+12,1,57,41816,62,34159,100,10,1,395,59,41,75,33433368,200,0,100,70662374728,100,3.26576E+11
2021-06-03,ZA2191QH,ST10000NM0086,1.00008E+13,1,64,10820,63,32491,100,10,11,89,72,28,78,68452632,200,0,100,86980592704,100,2.76025E+11
2021-06-10,S300YCSV,ST4000DM000,4.00079E+12,1,99,1440,41,52246,100,6,1,150,79,21,,,200,0,100,68961951072,100,2.95759E+11
2021-04-01,ZLW0GQ8F,ST12000NM001G,1.20001E+13,0,100,0,92,7732,100,1,100,0,70,30,,,200,0,100,55113797608,100,1.33343E+11
2021-04-22,ZA11X9W4,ST8000DM002,8E+12,1,90,43024,53,41632,100,5,1,336,62,38,24,109972016,200,0,100,88037476904,100,2.87E+11
2021-04-11,ZA11PY9F,ST8000DM002,8E+12,1,100,72,53,41380,100,11,100,0,65,35,17,115300168,200,0,100,85930249096,100,3.09E+11
2021-04-01,ZHZ42T0V,ST12000NM0008,1.20001E+13,0,100,0,86,12527,100,2,100,0,76,24,1,89106712,200,0,100,66550269448,100,1.59369E+11
2021-04-01,PL2331LAHDUHAJ,HGST HMS5C4040BLE640,4.00079E+12,0,100,0,95,35475,100,11,,,,,,,200,0,,,,
2021-06-02,ZLW18T1C,ST14000NM001G,1.40005E+13,1,99,5312,93,6557,100,1,100,0,65,35,,,200,0,100,58690017368,100,1.22821E+11
2021-04-01,40M0A061F97G,TOSHIBA MG07ACA14TA,1.40005E+13,0,100,0,85,6111,100,4,,,,,,,200,0,,,,
2021-04-01,8HH7W2AH,HGST HUH721212ALE604,1.20001E+13,0,100,0,100,5867,100,3,,,,,,,200,0,,,,
2021-06-23,ZHZ4Y9X4,ST12000NM0008,1.20001E+13,1,99,6104,86,12892,100,11,66,34,57,43,1,33094000,200,0,100,63941242872,100,1.44832E+11
2021-06-01,88Q0A0KRF97G,TOSHIBA MG07ACA14TA,1.40005E+13,1,100,4,42,23360,100,3,,,,,,,200,0,,,,
2021-04-18,ZLW0G6NW,ST12000NM001G,1.2E+13,1,100,0,93,6978,100,4,83,17,67,33,,,200,0,100,50395166560,100,1.01E+11
2021-04-23,ZLW0G8JJ,ST12000NM001G,1.2E+13,1,100,0,92,7762,100,3,100,0,71,29,,,200,0,100,55441293952,100,89236672922
2021-06-08,40N0A0PEF97G,TOSHIBA MG07ACA14TA,1.40005E+13,1,100,0,81,7659,100,2,,,,,,,200,0,,,,
2021-04-01,ZHZ661N7,ST12000NM0008,1.20001E+13,0,100,0,91,8263,100,2,100,0,61,39,2,75162352,200,0,100,55745060664,100,1.42573E+11
2021-04-01,ZL005BVW,ST12000NM0008,1.20001E+13,0,100,0,94,5513,100,4,100,0,76,24,1,13443504,200,0,100,23503284912,100,72216891725
2021-04-16,ZA13KB6X,ST8000DM002,8E+12,1,100,0,57,38384,100,7,97,3,69,31,1,213951992,200,0,100,81739228696,100,2.62E+11
2021-04-14,ZLW18RW2,ST14000NM001G,1.4E+13,1,100,1184,95,4977,100,1,1,106,76,24,,,200,0,100,48515847560,100,96930364302
2021-04-05,ZHZ4WQVV,ST12000NM0008,1.2E+13,1,100,0,88,11355,100,6,100,0,73,27,2,81077592,200,0,100,57358295912,100,1.58E+11
2021-04-01,ZLW0GJWH,ST12000NM001G,1.20001E+13,0,100,0,92,7728,100,4,100,0,67,33,,,200,0,100,55803470104,100,1.07027E+11
2021-04-22,ZCH06GQ4,ST12000NM0007,1.2E+13,1,81,11336,65,30684,100,23,1,766,78,22,82,161331504,200,0,100,67336546736,100,2.72E+11
2021-04-25,ZA21DWH8,ST10000NM0086,1E+13,1,96,15690,64,31565,100,9,84,16,71,29,80,92729848,200,0,100,86177326088,100,2.84E+11
2021-04-01,ZHZ4VAS1,ST12000NM0008,1.20001E+13,0,100,0,88,11140,100,2,100,0,70,30,3,46352776,200,0,100,59486492872,100,1.3514E+11
2021-04-01,PL1331LAHGUSNH,HGST HMS5C4040ALE640,4.00079E+12,0,100,0,95,35463,100,10,,,,,,,200,0,,,,
2021-04-01,88P0A01AF97G,TOSHIBA MG07ACA14TA,1.40005E+13,0,100,0,46,21892,100,1,,,,,,,200,0,,,,
2021-04-01,ZJV03JH4,ST12000NM0007,1.20001E+13,0,100,8,72,25393,100,9,100,0,78,22,72,16476848,200,0,100,60518686552,100,2.62008E+11
2021-04-29,S301K6TR,ST4000DM000,4E+12,1,100,32,45,48718,100,14,88,12,75,25,,,200,0,100,64176700080,100,5.45E+11
2021-04-01,Z304HQR4,ST4000DM000,4.00079E+12,0,100,0,46,47369,100,7,100,0,82,18,,,200,0,100,60722281144,100,2.62405E+11
2021-04-01,ZHZ2RX31,ST12000NM0008,1.20001E+13,0,100,0,86,12568,100,3,100,0,69,31,1,166836672,200,0,100,63716894568,100,1.97682E+11
2021-05-12,ZA11K24A,ST8000NM0055,8.00156E+12,1,86,55968,59,36311,100,4,1,295,63,37,84,242424232,200,0,100,76509561784,100,2.74375E+11
2021-04-19,50L0A00SF97G,TOSHIBA MG07ACA14TA,1.4E+13,1,100,0,100,135,100,2,,,,,,,200,0,,,,
2021-04-01,ZJV5JXZM,ST12000NM0007,1.20001E+13,0,100,0,85,13483,100,1,100,0,72,28,84,234320344,200,0,100,47333676520,100,1.59444E+11
2021-05-12,Z305D9S6,ST4000DM000,4.00079E+12,1,93,9072,61,34944,100,20,1,110,84,16,,,200,0,100,31735101544,100,2.28182E+11
2021-04-01,40M0A0SKF97G,TOSHIBA MG07ACA14TA,1.40005E+13,0,100,0,97,1461,100,2,,,,,,,200,0,,,,
2021-04-01,ZHZ3DWCX,ST14000NM0138,1.40005E+13,0,100,0,97,3206,100,18,100,0,65,35,2,62160728,200,0,100,36820245699,100,31114034806
2021-04-01,8HK3GGEH,HGST HUH721212ALN604,1.20001E+13,0,100,0,98,20922,100,6,,,,,,,200,0,,,,
2021-04-23,70H0A02MF97G,TOSHIBA MG07ACA14TA,1.4E+13,1,100,0,95,2172,100,2,,,,,,,200,0,,,,
2021-04-20,ZL20HLKS,ST16000NM001G,1.6E+13,1,100,0,99,971,100,1,100,0,74,26,,,200,0,100,11853704080,100,11126328468
2021-05-06,40M0A0C6F97G,TOSHIBA MG07ACA14TA,1.40005E+13,1,100,0,99,527,100,2,,,,,,,200,0,,,,
2021-04-01,ZLW17SA0,ST14000NM001G,1.40005E+13,0,100,0,95,4653,100,1,100,0,71,29,,,200,0,100,47335518720,100,89017078238
2021-04-08,Z305FBSE,ST4000DM000,4E+12,1,100,0,50,44399,100,5,100,0,69,31,,,200,0,100,55449682800,100,2.71E+11
2021-04-01,S2ZYJ9AFA09516,ST500LM012 HN,5E+11,1,252,0,100,48719,100,38,,,,,100,0,200,0,,,,
2021-04-01,7010A09FF97G,TOSHIBA MG07ACA14TA,1.40005E+13,0,100,0,88,4837,100,3,,,,,,,200,0,,,,
2021-04-01,PL2331LAHDK1UJ,HGST HMS5C4040BLE640,4.00079E+12,0,100,0,95,36771,100,13,,,,,,,200,0,,,,
2021-04-01,2AGGJB6Y,HGST HUH721212ALN604,1.20001E+13,0,100,0,98,17119,100,5,,,,,,,200,0,,,,
2021-04-05,ZA12ASN7,ST8000NM0055,8E+12,1,100,40,62,33673,100,7,97,3,63,37,23,188293656,200,0,100,73323851472,100,2.56E+11
2021-04-03,Z7OVTDBTT,TOSHIBA MQ01ABF050M,5E+11,1,100,0,58,17016,100,17,,,,,,,200,6,,,,
2021-04-28,Z7OVTDC0T,TOSHIBA MQ01ABF050M,5E+11,1,100,0,59,16430,100,22,,,,,,,200,0,,,,
2021-04-01,ZA12WYY2,ST8000NM0055,8.00156E+12,0,100,0,57,38024,100,8,100,0,67,33,1,206965360,200,0,100,83709181872,100,2.99082E+11
2021-04-17,ZA180QHB,ST8000NM0055,8E+12,1,100,24,64,32309,100,15,100,0,53,47,78,64049752,200,0,100,69817172016,100,2.42E+11
2021-06-19,177QT3DQT,TOSHIBA MQ01ABF050M,5.00108E+11,1,100,0,14,34618,100,10,,,,,,,200,0,,,,
2021-06-06,PL2331LAHA7TNJ,HGST HMS5C4040BLE640,4.00079E+12,1,100,0,95,38361,100,13,,,,,,,200,0,,,,
2021-06-12,ZHZ6361T,ST12000NM0008,1.20001E+13,1,100,408,88,11303,100,2,36,64,62,38,1,201760964,200,0,100,58135818984,100,1.64723E+11
2021-06-09,ZL2300QV,ST16000NM001G,1.60009E+13,1,100,0,100,612,100,2,100,0,73,27,,,200,0,100,1077046832,100,2006979396
2021-04-01,S301NGZV,ST4000DM000,4.00079E+12,0,100,0,46,47529,100,15,100,0,71,29,,,200,0,100,61383956288,100,8.91777E+11
2021-04-20,ZHZ26ZE7,ST12000NM0008,1.2E+13,1,100,408,85,13411,100,24,92,8,71,29,1,191153400,200,0,100,68719469800,100,1.91E+11
2021-04-01,PL1331LAHBSG3H,HGST HMS5C4040BLE640,4.00079E+12,0,100,0,95,36104,100,9,,,,,,,200,0,,,,
2021-04-01,3060A002F97G,TOSHIBA MG07ACA14TA,1.40005E+13,0,100,0,86,5750,100,3,,,,,,,200,0,,,,
2021-04-01,Z304KR3B,ST4000DM000,4.00079E+12,0,100,0,46,47540,100,10,100,0,77,23,,,200,0,100,60410610144,100,2.66464E+11
2021-04-01,PL2331LAHDAW8J,HGST HMS5C4040BLE640,4.00079E+12,0,100,0,95,36604,100,10,,,,,,,200,0,,,,
2021-06-06,Z304JL33,ST4000DM000,4.00079E+12,1,100,8,44,49661,100,17,79,21,78,22,,,200,0,100,61464831072,100,3.61161E+11
2021-04-01,AAG6Y3JH,HGST HUH721212ALN604,1.20001E+13,0,100,0,98,17818,100,1,,,,,,,200,0,,,,
2021-04-01,8DJ0SB7H,HGST HUH721212ALE604,1.20001E+13,0,100,0,100,3380,100,2,,,,,,,200,0,,,,
2021-04-01,S301PRTA,ST4000DM000,4.00079E+12,0,100,0,47,46845,100,10,100,0,81,19,,,200,0,100,44159261256,100,3.25821E+11
2021-06-05,Z302SW05,ST4000DM000,4.00079E+12,1,89,14176,43,49991,100,16,1,234,76,24,,,200,0,100,66570545152,100,7.8168E+11
2021-04-30,ZJV4EXPB,ST12000NM0007,1.2E+13,1,100,640,84,14133,100,6,100,0,67,33,74,26656072,200,0,100,69794328808,100,2.11E+11
2021-04-01,40X0A0PDF97G,TOSHIBA MG07ACA14TA,1.40005E+13,0,100,0,86,5752,100,2,,,,,,,200,0,,,,
2021-04-01,PL2331LAH8U4VJ,HGST HMS5C4040BLE640,4.00079E+12,0,100,0,95,36107,100,10,,,,,,,200,0,,,,
2021-04-01,2AGMPG7Y,HGST HUH721212ALN604,1.20001E+13,0,100,0,98,14400,100,3,,,,,,,200,0,,,,
2021-04-15,Z304JHH7,ST4000DM000,4E+12,1,100,0,45,48440,100,13,100,0,79,21,,,200,0,100,60059199944,100,3.5E+11
2021-04-08,S2ZYJ9FG405054,ST500LM012 HN,5E+11,1,252,0,100,33852,100,15,,,,,100,0,200,0,,,,
2021-06-11,Y0E0A07DF97G,TOSHIBA MG07ACA14TA,1.40005E+13,1,100,0,91,3702,100,3,,,,,,,200,0,,,,
2021-04-19,20W0A0RGF97G,TOSHIBA MG07ACA14TA,1.4E+13,1,100,0,92,3259,100,3,,,,,,,200,0,,,,
2021-04-23,ZCH0AJ6D,ST12000NM0007,1.2E+13,1,100,144,68,28747,100,18,100,0,68,32,71,13416064,200,0,100,63377386608,100,2.96E+11
2021-04-08,PL1331LAHD1GBH,HGST HMS5C4040BLE640,4E+12,1,100,0,94,42218,100,8,,,,,,,200,0,,,,
2021-04-01,ZL004L1L,ST12000NM0008,1.20001E+13,0,100,0,92,7025,100,2,100,0,77,23,1,111490608,200,0,100,23552377552,100,92528958551
2021-04-25,11J0A0CFF97G,TOSHIBA MG07ACA14TA,1.4E+13,1,100,0,97,1370,100,1,,,,,,,200,0,,,,
2021-04-22,ZHZ4ESPM,ST12000NM0008,1.2E+13,1,100,3848,86,13041,100,3,53,47,62,38,3,224369192,200,0,100,68161034960,100,1.44E+11
2021-04-01,1080A0BJF97G,TOSHIBA MG07ACA14TA,1.40005E+13,0,100,0,82,7271,100,2,,,,,,,200,0,,,,
2021-04-01,ZA13R7FV,ST8000DM002,8.00156E+12,0,100,0,56,38769,100,5,100,0,68,32,1,81473600,200,0,100,81416489000,100,3.06138E+11
2021-04-01,AAG5YLKH,HGST HUH721212ALN604,1.20001E+13,0,100,0,98,18478,100,5,,,,,,,200,0,,,,
2021-04-01,ZJV01XXD,ST12000NM0007,1.20001E+13,0,100,0,69,27527,100,6,100,0,68,32,69,7138976,200,0,100,66919723792,100,2.04572E+11
2021-05-14,Z305D6P8,ST4000DM000,4.00079E+12,1,100,0,48,46365,100,14,89,11,70,30,,,200,0,100,59027391352,100,2.96469E+11
2021-04-01,ZLW0GQ8H,ST12000NM001G,1.20001E+13,0,100,0,93,6910,100,3,100,0,69,31,,,200,5,100,53543576432,100,91809984353
2021-06-23,Z305DFTG,ST4000DM000,4.00079E+12,1,100,16,46,47307,100,7,3,97,67,33,,,200,0,100,59528523384,100,3.0328E+11
2021-04-27,Z305ASVA,ST4000DM000,4E+12,1,100,0,47,47164,100,8,100,0,78,22,,,200,0,100,58887568704,100,2.86E+11
2021-04-28,Z302SZC4,ST4000DM000,4E+12,1,100,0,44,49365,100,23,99,1,71,29,,,200,0,100,65135323024,100,2.99E+11
2021-04-21,ZLW0GQTG,ST12000NM001G,1.2E+13,1,100,0,98,1962,100,3,100,0,73,27,,,200,0,100,23461591800,100,49240674531
2021-04-01,ZA1818AL,ST8000NM0055,8.00156E+12,0,100,0,63,32623,100,10,100,0,62,38,79,88621992,200,0,100,69295225176,100,2.64101E+11
2021-06-15,PL1331LAGSLXYH,HGST HMS5C4040ALE640,4.00079E+12,1,100,0,95,40078,100,7,,,,,,,200,0,,,,
2021-04-01,PL2331LAH0WNGJ,HGST HMS5C4040BLE640,4.00079E+12,0,100,0,94,43800,100,7,,,,,,,200,0,,,,
2021-04-01,2AGM9R5Y,HGST HUH721212ALN604,1.20001E+13,0,100,0,98,16516,100,4,,,,,,,200,0,,,,
2021-04-01,ZCH0AJ32,ST12000NM0007,1.20001E+13,0,100,0,68,28228,100,16,100,0,74,26,81,128240408,200,0,100,63523773064,100,2.87679E+11
2021-04-19,11J0A0PDF97G,TOSHIBA MG07ACA14TA,1.4E+13,1,100,0,100,162,100,2,,,,,,,200,0,,,,
2021-04-15,ZHZ3RMZK,ST14000NM0138,1.4E+13,1,100,128,97,2845,100,24,98,2,66,34,2,185524872,200,0,100,36281171205,100,34462189262
2021-06-18,ZA13Y5VS,ST8000DM002,8.00156E+12,1,100,1801,56,38661,100,8,1,116,68,32,15,153178248,200,0,100,81508776816,100,2.79793E+11
2021-04-04,ZCH0BAMJ,ST12000NM0007,1.2E+13,1,74,13312,68,28079,100,10,1,364,67,33,81,129849072,200,0,100,63544090992,100,2.4E+11
2021-05-16,ZHZ4GAXL,ST14000NM0138,1.40005E+13,1,100,0,96,3590,100,17,78,22,79,21,2,137079040,200,0,100,42515360195,100,62115169753
2021-04-30,ZA1818BG,ST8000NM0055,8E+12,1,94,26432,63,32626,100,16,73,27,56,44,79,85190066,200,0,100,69929314936,100,2.74E+11
2021-06-14,ZHZ50QXD,ST12000NM0008,1.20001E+13,1,96,6592,86,12979,100,10,93,7,59,41,1,127472864,200,0,100,61383321248,100,1.66772E+11
2021-04-01,ZJV036WP,ST12000NM0007,1.20001E+13,0,100,0,72,25389,100,11,100,0,69,31,83,187998736,200,0,100,54330621400,100,2.14412E+11
2021-04-01,78C0A03HF97G,TOSHIBA MG07ACA14TA,1.40005E+13,0,100,0,46,21874,100,8,,,,,,,200,0,,,,
2021-04-01,ZA108SHY,ST8000DM002,8.00156E+12,0,100,16,56,38763,100,4,100,0,74,26,1,71465416,200,0,100,82575657656,100,2.57092E+11
2021-04-08,2AGMMVRY,HGST HUH721212ALN604,1.2E+13,1,100,0,98,16685,100,2,,,,,,,200,0,,,,
2021-06-08,Z305D4RG,ST4000DM000,4.00079E+12,1,100,0,47,46691,100,8,87,13,66,34,,,200,0,100,57501592408,100,3.20248E+11
2021-06-25,Z30404S0,ST4000DM000,4.00079E+12,1,100,0,45,48759,100,14,100,0,73,27,,,200,0,100,44182084992,100,3.25466E+11
2021-06-08,ZA180ZD1,ST8000NM0055,8.00156E+12,1,96,19296,62,33738,100,14,65,35,64,36,77,46272880,200,0,100,70454305264,100,3.05021E+11
2021-04-16,ZL23XB1P,ST16000NM001G,1.6E+13,1,100,0,100,872,100,2,70,30,70,30,,,200,0,100,10681294712,100,9482516892
2021-04-01,ZLW0GJWG,ST12000NM001G,1.20001E+13,0,100,0,93,6933,100,1,100,0,70,30,,,200,0,100,54057220360,100,90497940998
2021-06-21,X1G911PL,WDC WUH721414ALE6L4,1.40005E+13,1,85,2973,100,4515,100,2,,,,,,,100,0,,,,
2021-04-01,ZLW18E4G,ST14000NM001G,1.40005E+13,0,100,0,97,3330,100,2,100,0,67,33,,,200,0,100,40991040160,100,63566176308
2021-04-01,Y0D0A0DMF97G,TOSHIBA MG07ACA14TA,1.40005E+13,0,100,0,96,1968,100,1,,,,,,,200,11,,,,
2021-04-01,ZL0051Q8,ST12000NM0008,1.20001E+13,0,100,0,95,4837,100,3,100,0,73,27,3,122793744,200,0,100,23514426312,100,63525820673
2021-04-01,ZHZ3FGJG,ST14000NM0138,1.40005E+13,0,100,0,97,3223,100,23,100,0,67,33,4,4534248,200,0,100,36523006885,100,33306833063
2021-04-01,Z304KCKP,ST4000DM000,4.00079E+12,0,100,0,46,48071,100,14,100,0,79,21,,,200,0,100,61616401672,100,3.42136E+11
2021-04-01,ZA153SD5,ST8000NM0055,8.00156E+12,0,100,0,63,33242,100,13,100,0,70,30,1,47379576,200,0,100,70872125848,100,2.77577E+11
2021-04-28,Z305K1QH,ST4000DM000,4E+12,1,100,0,49,45335,100,19,100,0,72,28,,,200,0,100,52582626832,100,3.15E+11
2021-04-01,ZLW0DHFH,ST12000NM001G,1.20001E+13,0,100,0,92,7660,100,2,100,0,58,42,,,200,0,100,54992320432,100,1.09678E+11
2021-05-04,8HK0PBEH,HGST HUH721212ALN604,1.20001E+13,1,100,0,97,21745,100,21,,,,,,,200,0,,,,
2021-04-01,X0GEMBBC,WDC WUH721414ALE6L4,1.40005E+13,0,100,0,100,2702,100,1,,,,,,,100,0,,,,
2021-04-12,S300ZBW0,ST4000DM000,4E+12,1,100,0,51,43606,100,10,100,0,79,21,,,200,0,100,48980145272,100,2.88E+11
2021-04-01,PL1331LAHD2UAH,HGST HMS5C4040BLE640,4.00079E+12,0,100,0,94,42219,100,3,,,,,,,200,0,,,,
2021-06-21,ZCH0AB5L,ST12000NM0007,1.20001E+13,1,1,0,66,29929,100,12,1,834,76,24,79,73486448,200,0,100,60049412976,100,2.7938E+11
2021-04-01,ZLW0GHRP,ST12000NM001G,1.20001E+13,0,100,0,92,7230,100,4,100,0,78,22,,,200,0,100,53369356936,100,91763542698
2021-04-14,1180A053F97G,TOSHIBA MG07ACA14TA,1.4E+13,1,100,0,98,1100,100,1,,,,,,,200,0,,,,
2021-04-09,ZHZ5GPWY,ST12000NM0008,1.2E+13,1,100,2408,94,5956,100,2,88,12,78,22,2,30459368,200,0,100,23518375176,100,81740096222
2021-04-01,ZHZ2H75B,ST14000NM0138,1.40005E+13,0,100,0,98,2515,100,20,100,0,72,28,3,162080416,200,0,100,32331013413,100,29355668693
2021-04-01,Z305DJ0Y,ST4000DM000,4.00079E+12,0,100,0,49,45067,100,11,100,0,73,27,,,200,0,100,54671154000,100,2.88011E+11
2021-04-01,ZCH0AJ33,ST12000NM0007,1.20001E+13,0,100,1032,70,26898,100,17,100,0,76,24,76,40054152,200,0,100,55247183896,100,2.88543E+11
2021-04-01,AAG63X5H,HGST HUH721212ALN604,1.20001E+13,0,100,0,98,19996,100,2,,,,,,,200,0,,,,
2021-04-01,PL2331LAHDWTVJ,HGST HMS5C4040BLE640,4.00079E+12,0,100,0,96,31395,100,9,,,,,,,200,0,,,,
2021-04-01,Z305FZ1L,ST4000DM000,4.00079E+12,0,100,0,49,44886,100,10,100,0,67,33,,,200,0,100,56641339528,100,3.44472E+11
2021-04-26,Y8S0A03EF97G,TOSHIBA MG07ACA14TA,1.4E+13,1,100,0,68,12827,100,5,,,,,,,200,0,,,,
2021-04-01,X0GDK3RC,WDC WUH721414ALE6L4,1.40005E+13,0,100,0,100,4012,100,3,,,,,,,100,0,,,,
2021-04-01,70E0A12AF97G,TOSHIBA MG07ACA14TA,1.40005E+13,0,100,0,89,4438,100,2,,,,,,,200,0,,,,
2021-04-01,70J0A016F97G,TOSHIBA MG07ACA14TA,1.40005E+13,0,100,0,96,1973,100,3,,,,,,,200,14,,,,
2021-04-01,3070A14BF97G,TOSHIBA MG07ACA14TA,1.40005E+13,0,100,0,97,1397,100,2,,,,,,,200,0,,,,
2021-04-01,Z305K1YA,ST4000DM000,4.00079E+12,0,100,0,49,44714,100,8,100,0,77,23,,,200,0,100,53052385536,100,4.70291E+11
2021-04-01,ZL23XZSV,ST16000NM001G,1.60009E+13,0,100,0,100,519,100,2,100,0,67,33,,,200,0,100,3810397160,100,2582318010
2021-04-01,3070A05TF97G,TOSHIBA MG07ACA14TA,1.40005E+13,0,100,0,100,158,100,3,,,,,,,200,0,,,,
2021-04-01,ZLW0GQ1A,ST12000NM001G,1.20001E+13,0,100,0,93,6935,100,1,100,0,74,26,,,200,0,100,54286134416,100,96186481502
2021-04-01,ZLW0GJW0,ST12000NM001G,1.20001E+13,0,100,0,100,676,100,3,100,0,73,27,,,200,0,100,23445803816,100,13724284789
2021-06-15,ZA16DTKM,ST8000NM0055,8.00156E+12,1,100,1809,58,37122,100,5,84,16,66,34,69,8889616,200,0,100,76184412192,100,2.8554E+11
2021-04-15,PL2331LAHB8B2J,HGST HMS5C4040BLE640,4E+12,1,100,0,95,38012,100,12,,,,,,,200,0,,,,
2021-04-01,S301GPM6,ST4000DM000,4.00079E+12,0,100,0,45,48434,100,18,100,0,74,26,,,200,0,100,66436732960,100,2.93319E+11
2021-05-05,70X0A035F97G,TOSHIBA MG07ACA14TA,1.40005E+13,1,100,0,94,2473,100,1,,,,,,,200,0,,,,
2021-04-06,10B0A0P9F97G,TOSHIBA MG07ACA14TA,1.4E+13,1,100,0,76,9648,100,2,,,,,,,200,0,,,,
2021-04-16,ZL22YRGM,ST16000NM001G,1.6E+13,1,100,0,98,1923,100,2,100,0,71,29,,,200,0,100,43296328112,100,11427024205
2021-04-01,ZA172C44,ST8000NM0055,8.00156E+12,0,100,0,63,32733,100,6,100,0,65,35,83,183380264,200,0,100,68415460936,100,2.94706E+11
2021-04-01,8HH0TH1H,HGST HUH721212ALE604,1.20001E+13,0,100,0,100,5357,100,2,,,,,,,200,0,,,,
2021-04-01,ZHZ66A1Z,ST12000NM0008,1.20001E+13,0,100,0,91,8604,100,1,100,0,78,22,1,63826664,200,0,100,55924321360,100,1.05761E+11
2021-04-01,ZA189JS0,ST8000NM0055,8.00156E+12,0,100,32,64,31627,100,7,100,0,70,30,100,505000,200,0,100,68991033712,100,2.35876E+11
2021-04-20,ZHZ4Y2NP,ST12000NM0008,1.2E+13,1,99,936,87,11717,100,4,100,0,64,36,2,3075336,200,0,100,58352455056,100,2.05E+11
2021-04-26,ZLW0X7RQ,ST12000NM001G,1.2E+13,1,100,0,94,5814,100,3,100,0,72,28,,,200,0,100,23532038536,100,77541871991
2021-04-20,40X0A140F97G,TOSHIBA MG07ACA14TA,1.4E+13,1,100,0,87,5350,100,4,,,,,,,200,0,,,,
2021-04-01,ZLW0TZEQ,ST12000NM001G,1.20001E+13,0,100,0,100,340,100,2,100,0,76,24,,,200,0,100,23441022208,100,11723007117
2021-05-26,4589K0VJFMYB,TOSHIBA MD04ABA400V,4.00079E+12,1,100,0,1,52835,100,12,,,,,,,200,0,,,,
2021-06-26,ZA18190Z,ST8000NM0055,8.00156E+12,1,100,48,62,34001,100,17,100,0,62,38,82,153185096,200,0,100,71764009576,100,2.56933E+11
2021-06-26,S301GM27,ST4000DM000,4.00079E+12,1,100,16,44,49604,100,14,12,88,77,23,,,200,0,100,63606047776,100,2.86844E+11
2021-04-01,ZLW0VCX9,ST12000NM001G,1.20001E+13,0,100,0,97,2708,100,3,100,0,72,28,,,200,0,100,23477117008,100,42401970845
2021-04-01,ZL005DN9,ST12000NM0008,1.20001E+13,0,100,0,92,7562,100,4,100,0,78,22,4,238131752,200,0,100,23547752176,100,83139143271
2021-04-01,ZHZ4VPX1,ST12000NM0008,1.20001E+13,0,100,0,88,11135,100,4,100,0,70,30,1,222897048,200,0,100,59473930752,100,1.38259E+11
2021-04-01,PL1331LAGA6DEH,HGST HMS5C4040ALE640,4.00079E+12,0,100,0,95,36119,100,15,,,,,,,200,0,,,,
2021-04-01,ZA189JAL,ST8000NM0055,8.00156E+12,0,100,0,65,31336,100,41,100,0,64,36,76,42010152,200,0,100,68292902248,100,2.70775E+11
2021-04-01,ZHZ4FDX0,ST14000NM0138,1.40005E+13,0,100,0,98,2560,100,39,100,0,70,30,2,226274512,200,0,100,31488564771,100,28797418354
2021-04-01,ZA174KF2,ST8000NM0055,8.00156E+12,0,100,0,63,32738,100,8,100,0,61,39,82,176017656,200,0,100,67381364080,100,2.98841E+11
2021-04-01,ZA1608EP,ST8000NM0055,8.00156E+12,0,100,0,60,35591,100,40,100,0,67,33,70,9950000,200,0,100,75266499432,100,2.88904E+11
2021-04-01,S2ZYJ9KFC03620,ST500LM012 HN,5.00108E+11,0,252,0,100,37397,100,12,,,,,100,0,200,0,,,,
2021-04-01,S300YQSH,ST4000DM000,4.00079E+12,0,100,0,43,50546,100,4,100,0,74,26,,,200,0,100,68701447064,100,2.91366E+11
2021-04-01,ZL005DNB,ST12000NM0008,1.20001E+13,0,100,0,97,2850,100,2,100,0,79,21,1,110104168,200,0,100,23477225936,100,52320143106
2021-06-23,17OYTGL1T,TOSHIBA MQ01ABF050,5.00108E+11,1,100,0,23,30900,100,17,,,,,,,200,0,,,,
2021-06-02,ZHZ2TEAY,ST14000NM0138,1.40005E+13,1,100,32,96,3996,100,33,88,12,68,32,2,175664450,200,0,100,47099270963,100,44874149097
2021-06-02,ZHZ3C62J,ST14000NM0138,1.40005E+13,1,100,0,95,4827,100,17,63,37,67,33,1,116668872,200,0,100,47548626987,100,59258749495
2021-06-19,ZCH02ZTL,ST12000NM0007,1.20001E+13,1,47,13776,67,29422,100,11,1,341,75,25,82,153827968,200,0,100,67330801664,100,2.54356E+11
2021-06-19,ZHZ39Q4S,ST14000NM0138,1.40005E+13,1,100,1352,96,4307,100,16,1,7901,74,26,1,217755448,200,0,100,51653379091,100,73809688708
2021-04-21,176FT02KT,TOSHIBA MQ01ABF050M,5E+11,1,100,0,16,33714,100,8,,,,,,,200,0,,,,
2021-04-06,88R0A07XF97G,TOSHIBA MG07ACA14TA,1.4E+13,1,100,0,75,10320,100,1,,,,,,,200,0,,,,
2021-04-01,QBH525DT,WDC WUH721414ALE6L4,1.40005E+13,0,100,0,100,1167,100,2,,,,,,,100,0,,,,
2021-04-01,ZLW18MPE,ST14000NM001G,1.40005E+13,0,100,0,97,3326,100,2,100,0,68,32,,,200,0,100,41231878632,100,63206795330
2021-04-01,ZJV048W1,ST12000NM0007,1.2E+13,1,94,24272,71,26090,100,7,1,432,74,26,84,243733688,200,0,100,56804651096,100,2.69E+11
2021-06-22,1090A02QF9RG,TOSHIBA MG07ACA14TEY,1.40005E+13,1,96,3240,88,5031,100,32,,,,,,,200,0,100,50261284518,100,53473249332
2021-04-01,40X0A017F97G,TOSHIBA MG07ACA14TA,1.40005E+13,0,100,0,88,4893,100,6,,,,,,,200,0,,,,
2021-04-01,57HDTBTTT,TOSHIBA MQ01ABF050,5.00108E+11,0,100,0,32,27555,100,17,,,,,,,200,0,,,,
2021-04-01,ZLW0GQTD,ST12000NM001G,1.20001E+13,0,100,0,100,337,100,2,100,0,78,22,,,200,0,100,23440054144,100,1882207251
2021-06-16,ZHZ4X6JB,ST12000NM0008,1.20001E+13,1,100,80,86,12728,100,6,1,1586,69,31,1,103988528,200,0,100,62813349616,100,1.18199E+11
2021-04-01,ZA142S4M,ST8000DM002,8.00156E+12,0,100,0,56,38772,100,3,100,0,69,31,1,73859160,200,0,100,83371173352,100,2.80695E+11
2021-06-07,ZHZ43828,ST12000NM0008,1.20001E+13,1,99,5536,88,10612,100,2,54,46,67,33,2,217876224,200,0,100,62842268328,100,1.50511E+11
2021-04-01,20H0A0XGF97G,TOSHIBA MG07ACA14TA,1.40005E+13,0,100,0,88,4983,100,4,,,,,,,200,0,,,,
2021-04-22,ZCH0CEVW,ST12000NM0007,1.2E+13,1,72,45280,68,28725,100,22,1,453,77,23,83,191954248,200,0,100,65425644832,100,2.97E+11
2021-06-26,ZLW17ENT,ST14000NM001G,1.40005E+13,1,100,4720,93,6721,100,3,68,32,70,30,,,200,0,100,59138912048,100,1.2125E+11
2021-04-01,70E0A11KF97G,TOSHIBA MG07ACA14TA,1.40005E+13,0,100,0,87,5276,100,32,,,,,,,200,0,,,,
2021-06-12,Z304LAFL,ST4000DM000,4.00079E+12,1,100,0,45,48792,100,10,1,167,78,22,,,200,0,100,58137074600,100,3.532E+11
2021-04-29,ZA11PM6N,ST8000DM002,8E+12,1,94,26016,53,41814,100,18,1,118,65,35,17,163476554,200,0,100,91080758592,100,2.74E+11
2021-04-01,ZCH0782D,ST12000NM0007,1.20001E+13,0,100,0,66,30332,100,9,100,0,73,27,80,104451208,200,0,100,72825594872,100,2.64926E+11
2021-06-17,57HBWEEHT,TOSHIBA MQ01ABF050,5.00108E+11,1,100,1336,24,30755,100,19,,,,,,,200,0,,,,
2021-04-01,8HKJ6X7H,HGST HUH721212ALN604,1.20001E+13,0,100,0,98,20915,100,2,,,,,,,200,0,,,,
2021-04-01,2AGMR3AY,HGST HUH721212ALN604,1.20001E+13,0,100,0,98,14403,100,3,,,,,,,200,0,,,,
2021-04-01,Z30519JR,ST4000DM000,4.00079E+12,0,100,0,49,45068,100,10,100,0,72,28,,,200,0,100,56115427896,100,2.89908E+11
2021-04-28,Z302SX0A,ST4000DM000,4E+12,1,100,0,44,49536,100,15,100,0,74,26,,,200,0,100,65311035664,100,2.85E+11
2021-04-01,8CH13DDE,HGST HUH721212ALN604,1.20001E+13,0,100,0,98,17111,100,2,,,,,,,200,0,,,,
2021-04-01,8HH4HN6Y,HGST HUH721212ALE604,1.20001E+13,0,100,0,100,1131,100,3,,,,,,,200,0,,,,
2021-04-01,ZA12Q5T0,ST8000DM002,8.00156E+12,0,100,0,54,40916,100,6,100,0,73,27,1,44237160,200,0,100,78320468352,100,3.42313E+11
2021-04-01,PL2331LAH3BHZJ,HGST HMS5C4040BLE640,4.00079E+12,0,100,0,95,36482,100,19,,,,,,,200,0,,,,
2021-06-06,ZHZ62349,ST12000NM0008,1.20001E+13,1,100,0,89,10171,100,1,100,0,73,27,1,158568568,200,0,100,59258373128,100,1.15461E+11
2021-04-01,ZHZ3SXY1,ST12000NM0008,1.20001E+13,0,100,0,86,12529,100,4,100,0,66,34,1,205678264,200,0,100,66789416568,100,1.39471E+11
2021-04-01,2AGNR7HY,HGST HUH721212ALN604,1.20001E+13,0,100,0,98,16507,100,2,,,,,,,200,0,,,,
2021-04-22,ZA189K4J,ST8000NM0055,8E+12,1,100,16,64,31846,100,94,100,0,63,37,77,53305040,200,0,100,70319448072,100,2.65E+11
2021-06-25,PL1331LAHEM4BH,HGST HMS5C4040ALE640,4.00079E+12,1,100,8,95,37504,100,7,,,,,,,200,0,,,,
2021-04-01,ZHZ4WH0M,ST12000NM0008,1.20001E+13,0,100,0,88,11133,100,8,100,0,71,29,2,118471272,200,0,100,59831405960,100,1.40483E+11
2021-04-01,PL1331LAHD1B7H,HGST HMS5C4040BLE640,4.00079E+12,0,100,0,95,36791,100,13,,,,,,,200,0,,,,
2021-04-01,ZDEB00PF,ST500LM030,5.00108E+11,0,100,0,79,18442,100,21,100,0,71,29,,,200,0,100,57700195120,100,24673800747
2021-04-01,ZL00522F,ST12000NM0008,1.20001E+13,0,100,0,91,8376,100,2,100,0,71,29,2,212659800,200,0,100,59172310936,100,1.13892E+11
2021-04-01,2AGEMTRY,HGST HUH721212ALN604,1.20001E+13,0,100,0,98,16277,100,3,,,,,,,200,0,,,,
2021-04-04,ZA14XXZY,ST8000NM0055,8E+12,1,100,32,62,33410,100,14,100,0,69,31,1,239899920,200,0,100,71469499832,100,2.73E+11
2021-04-01,9MG6GU0J,WDC WUH721414ALE6L4,1.40005E+13,0,100,0,100,1149,100,1,,,,,,,100,0,,,,
2021-04-01,20J0A01GF97G,TOSHIBA MG07ACA14TA,1.40005E+13,0,100,0,86,5720,100,7,,,,,,,200,0,,,,
2021-04-01,ZL240MN4,ST12000NM001G,1.20001E+13,0,100,0,93,6586,100,1,100,0,64,36,,,200,0,100,48864018904,100,89609411920
2021-04-01,1060A005F97G,TOSHIBA MG07ACA14TA,1.40005E+13,0,100,0,91,3653,100,3,,,,,,,200,0,,,,
2021-04-01,ZHZ3RP8X,ST12000NM0008,1.20001E+13,0,100,0,86,12956,100,1,100,0,69,31,1,127549792,200,0,100,67359489416,100,2.06206E+11
2021-04-01,Y8S0A03DF97G,TOSHIBA MG07ACA14TA,1.40005E+13,0,100,0,70,12220,100,3,,,,,,,200,0,,,,
2021-04-29,ZHZ4NJ98,ST12000NM0008,1.2E+13,1,83,13808,86,12524,100,4,99,1,68,32,1,60044016,200,0,100,60587656264,100,1.68E+11
2021-06-05,ZHZ5ZBSZ,ST12000NM0008,1.20001E+13,1,100,0,88,10547,100,1,78,22,68,32,1,124857888,200,0,100,62507152960,100,1.41964E+11
2021-04-01,ZHZ3CK6J,ST14000NM0138,1.40005E+13,0,100,0,97,3205,100,17,100,0,69,31,1,210959976,200,0,100,37202078755,100,30881506693
2021-04-01,5080A07JF97G,TOSHIBA MG07ACA14TA,1.40005E+13,0,100,0,88,4900,100,1,,,,,,,200,0,,,,
2021-04-01,40P0A167F97G,TOSHIBA MG07ACA14TA,1.40005E+13,0,100,0,83,6904,100,3,,,,,,,200,0,,,,
2021-04-01,ZLW18MPN,ST14000NM001G,1.40005E+13,0,100,0,95,4539,100,3,100,0,60,40,,,200,0,100,49123176064,100,76891153690
2021-05-24,ZA11MWKQ,ST8000DM002,8.00156E+12,1,100,24,52,42409,100,8,100,0,68,32,20,62927624,200,0,100,88912116272,100,2.87482E+11
2021-06-28,97JPT4KRT,TOSHIBA MQ01ABF050M,5.00108E+11,1,100,0,35,26156,100,11,,,,,,,200,0,,,,
2021-04-23,Y76BK0P4FZ1D,TOSHIBA HDWF180,8E+12,1,100,0,32,27253,100,7,,,,,,,200,0,,,,
2021-04-01,Z3059SMH,ST4000DM000,4.00079E+12,0,100,0,48,46406,100,19,100,0,80,20,,,200,0,100,59074813592,100,2.887E+11
2021-04-01,ZLW18E4M,ST14000NM001G,1.40005E+13,0,100,0,96,4057,100,6,100,0,66,34,,,200,0,100,40564677392,100,74216855138
2021-04-01,ZLW18MPH,ST14000NM001G,1.40005E+13,0,100,0,97,3330,100,3,100,0,73,27,,,200,0,100,41960803336,100,62390394948
2021-04-01,Z3029F7M,ST4000DM000,4.00079E+12,0,100,0,41,52192,100,9,100,0,80,20,,,200,0,100,68737644344,100,2.59893E+11
2021-06-04,11W0A033F97G,TOSHIBA MG07ACA14TA,1.40005E+13,1,100,0,97,1368,100,2,,,,,,,200,0,,,,
2021-04-01,20H0A1JXF97G,TOSHIBA MG07ACA14TA,1.40005E+13,0,100,0,87,5482,100,41,,,,,,,200,0,,,,
2021-06-17,70K0A0RWF97G,TOSHIBA MG07ACA14TA,1.40005E+13,1,100,0,92,3509,100,2,,,,,,,200,0,,,,
2021-04-01,X0GEHL4C,WDC WUH721414ALE6L4,1.40005E+13,0,100,0,100,4003,100,2,,,,,,,100,0,,,,
2021-04-01,Z305APCP,ST4000DM000,4.00079E+12,0,100,0,48,46412,100,14,100,0,77,23,,,200,0,100,58322262488,100,2.86073E+11
2021-04-01,W300SP1H,ST4000DM000,4.00079E+12,0,100,0,42,51582,100,4,100,0,79,21,,,200,0,100,54798683536,100,2.31882E+11
2021-04-01,PL2331LAHDEUMJ,HGST HMS5C4040BLE640,4.00079E+12,0,100,0,95,35467,100,10,,,,,,,200,0,,,,
2021-04-01,78C0A03KF97G,TOSHIBA MG07ACA14TA,1.40005E+13,0,100,0,46,21873,100,8,,,,,,,200,0,,,,
2021-04-01,ZA13YG9R,ST8000DM002,8.00156E+12,0,100,0,57,38021,100,5,100,0,78,22,1,234682808,200,0,100,82546016504,100,2.58408E+11
2021-05-25,5PJUL22E,HGST HUH721212ALN604,1.20001E+13,1,100,0,100,490,100,8,,,,,,,200,0,,,,
2021-06-26,AAG7LTGH,HGST HUH721212ALN604,1.20001E+13,1,100,0,98,19877,100,3,,,,,,,200,0,,,,
2021-04-01,Z304KR3R,ST4000DM000,4.00079E+12,0,100,0,46,48042,100,12,100,0,80,20,,,200,0,100,64630943080,100,2.59611E+11
2021-06-28,175PP3JDT,TOSHIBA MQ01ABF050M,5.00108E+11,1,100,0,7,37571,100,8,,,,,,,200,0,,,,
2021-04-01,Z305B6S9,ST4000DM000,4.00079E+12,0,100,0,48,45708,100,7,100,0,78,22,,,200,0,100,58006349016,100,2.81182E+11
2021-04-03,ZA10CBP7,ST8000DM002,8E+12,1,100,16,52,42584,100,10,100,0,77,23,15,86965072,200,0,100,77363753240,100,2.69E+11
2021-04-12,Z7OVTDBUT,TOSHIBA MQ01ABF050M,5E+11,1,100,0,53,19150,100,11,,,,,,,200,0,,,,
2021-06-24,ZA1B1N5H,ST8000NM0055,8.00156E+12,1,100,4,86,12667,100,3,100,0,66,34,83,200485752,200,0,100,33393799560,100,1.20055E+11
2021-06-09,Z305G2SM,ST4000DM000,4.00079E+12,1,100,440,47,46671,100,14,48,52,64,36,,,200,0,100,56413663000,100,2.78448E+11
2021-04-01,Z304KR3Y,ST4000DM000,4.00079E+12,0,100,0,46,48046,100,15,100,0,72,28,,,200,0,100,63439042872,100,2.87322E+11
2021-04-01,10H0A00PF97G,TOSHIBA MG07ACA14TA,1.40005E+13,0,100,0,77,9530,100,1,,,,,,,200,0,,,,
2021-04-05,57GGPD9ET,TOSHIBA MQ01ABF050,5E+11,1,100,0,37,25388,100,9,,,,,,,200,0,,,,
2021-04-01,40X0A0VZF97G,TOSHIBA MG07ACA14TA,1.40005E+13,0,100,0,85,6292,100,8,,,,,,,200,0,,,,
2021-04-01,Z4D05VN5,ST6000DX000,6.00118E+12,0,100,0,40,52634,100,16,100,0,81,19,66,54304047,200,0,100,79391072552,100,3.03975E+11
2021-04-01,ZHZ65EQS,ST12000NM0008,1.20001E+13,0,100,0,91,8384,100,2,100,0,68,32,1,64875352,200,0,100,60275653856,100,1.15571E+11
2021-06-18,Z7OVTDBPT,TOSHIBA MQ01ABF050M,5.00108E+11,1,100,0,49,20477,100,16,,,,,,,200,0,,,,
2021-04-01,88R0A0D2F97G,TOSHIBA MG07ACA14TA,1.40005E+13,0,100,0,75,10196,100,2,,,,,,,200,0,,,,
2021-04-01,ZA13PEPY,ST8000DM002,8.00156E+12,0,100,0,59,36767,100,4,100,0,64,36,1,70663152,200,0,100,79338398224,100,3.11457E+11
2021-04-01,X8V0A026F97G,TOSHIBA MG07ACA14TA,1.40005E+13,0,100,0,70,12213,100,3,,,,,,,200,0,,,,
2021-06-17,176IP6OQT,TOSHIBA MQ01ABF050M,5.00108E+11,1,100,0,12,35409,100,12,,,,,,,200,0,,,,
2021-04-09,Z302SXPW,ST4000DM000,4E+12,1,99,1120,45,48607,100,23,2,98,74,26,,,200,0,100,64304929720,100,2.77E+11
2021-04-22,ZDEE0HYZ,ST500LM030,5E+11,1,100,0,79,18975,100,19,100,0,65,35,,,200,0,100,55405665648,100,37141460009
2021-06-03,ZA13E4ZJ,ST8000NM0055,8.00156E+12,1,100,2272,58,36837,100,17,74,26,71,29,83,212241744,200,0,100,76464996712,100,2.81315E+11
2021-05-17,ZA17ZVP4,ST8000NM0055,8.00156E+12,1,82,7088,63,33216,100,11,62,38,56,44,82,157917312,200,0,100,69637530768,100,3.00852E+11
2021-04-01,ZA135ZMG,ST8000DM002,8.00156E+12,0,100,0,55,39464,100,3,100,0,63,37,1,120160168,200,0,100,84764841792,100,2.81943E+11
2021-04-01,ZL00522N,ST12000NM0008,1.20001E+13,0,100,0,91,8600,100,1,100,0,79,21,1,44214496,200,0,100,55765723160,100,1.03459E+11
2021-04-17,ZA1814FC,ST8000NM0055,8E+12,1,94,25512,64,32322,100,17,62,38,65,35,83,186471232,200,0,100,69848420008,100,2.72E+11
2021-05-15,ZHZ3R846,ST12000NM0008,1.20001E+13,1,100,0,85,13621,100,1,100,0,73,27,1,33722120,200,0,100,66538988776,100,2.21582E+11
2021-05-12,Z302SQH3,ST4000DM000,4.00079E+12,1,100,0,43,50113,100,9,90,10,78,22,,,200,0,100,65729594648,100,3.81655E+11
2021-04-01,ZA1814JQ,ST8000NM0055,8.00156E+12,0,100,0,64,31934,100,17,100,0,74,26,78,58560136,200,0,100,69421712312,100,2.59867E+11
2021-04-01,Z820A01CF97G,TOSHIBA MG07ACA14TA,1.40005E+13,0,100,0,70,12226,100,5,,,,,,,200,0,,,,
2021-04-01,70D0A01CF97G,TOSHIBA MG07ACA14TA,1.40005E+13,0,100,0,90,4216,100,3,,,,,,,200,0,,,,
2021-04-01,ZA180FSX,ST8000NM0055,8.00156E+12,0,100,2,65,31453,100,12,100,0,60,40,72,15368312,200,0,100,66182541048,100,3.15719E+11
2021-04-01,1170A00YF97G,TOSHIBA MG07ACA14TA,1.40005E+13,0,100,0,99,799,100,1,,,,,,,200,0,,,,
2021-04-01,Y8U0A04QF97G,TOSHIBA MG07ACA14TA,1.40005E+13,0,100,0,70,12215,100,5,,,,,,,200,0,,,,
2021-04-16,ZLW18TKM,ST14000NM001G,1.4E+13,1,100,64,94,5443,100,1,80,20,70,30,,,200,0,100,50811762080,100,89493617710
2021-05-17,ZHZ4XS86,ST12000NM0008,1.20001E+13,1,100,768,86,12282,100,7,46,54,59,41,1,16779128,200,0,100,59406548440,100,1.57164E+11
2021-06-10,ZHZ3CBB3,ST14000NM0138,1.40005E+13,1,100,0,98,2582,100,22,6,94,76,24,2,242617666,200,0,100,39854347879,100,63660345011
2021-06-11,3080A040F97G,TOSHIBA MG07ACA14TA,1.40005E+13,1,100,0,94,2679,100,3,,,,,,,200,0,,,,
2021-04-01,Z305DVK2,ST4000DM000,4.00079E+12,0,100,0,49,45068,100,9,100,0,67,33,,,200,0,100,57281370928,100,2.93294E+11
2021-06-29,ZLW15TFW,ST14000NM001G,1.40005E+13,1,100,8,94,5468,100,5,100,0,75,25,,,200,0,100,54763906448,100,98243866390
2021-04-01,PL1331LAGTUTMH,HGST HMS5C4040ALE640,4.00079E+12,0,100,0,93,50881,100,15,,,,,,,200,0,,,,
2021-04-01,ZCH0D2KY,ST12000NM0007,1.20001E+13,0,100,0,68,28240,100,6,100,0,79,21,82,169228024,200,0,100,69439892808,100,3.03777E+11
2021-04-01,ZA10XG4C,ST8000DM002,8.00156E+12,0,100,0,53,41885,100,7,100,0,65,35,1,227959536,200,0,100,91968880856,100,3.10099E+11
2021-04-01,ZJV05WN8,ST12000NM0007,1.20001E+13,0,100,0,71,26080,100,7,100,0,72,28,83,184318784,200,0,100,56932588376,100,2.51602E+11
2021-06-05,ZJV0WF1L,ST12000NM0007,1.20001E+13,1,1,65528,75,22043,100,48,1,153,72,28,81,116444840,200,0,100,54703084776,100,2.18607E+11
2021-06-02,ZA17ZNMM,ST8000NM0055,8.00156E+12,1,100,64,63,32945,100,10,94,6,58,42,81,113824024,200,0,100,68039323720,100,2.93717E+11
2021-04-07,X890A005F97G,TOSHIBA MG07ACA14TA,1.4E+13,1,100,0,69,12430,100,10,,,,,,,200,0,,,,
2021-04-05,ZCH0A37X,ST12000NM0007,1.2E+13,1,61,23064,68,28109,100,5,1,458,72,28,83,186457488,200,0,100,62995043936,100,2.52E+11
2021-04-25,ZLW15TFM,ST14000NM001G,1.4E+13,1,100,48,95,5114,100,3,100,0,75,25,,,200,0,100,52418101920,100,85068820848
2021-04-26,ZDEB1E6P,ST500LM030,5E+11,1,86,1438,74,23401,100,11,1,38305,67,33,,,200,29,100,59720644320,100,27648911055
2021-04-01,ZLW0EG0P,ST12000NM001G,1.20001E+13,0,100,0,93,6578,100,2,100,0,71,29,,,200,0,100,48664868688,100,94775137610
2021-06-15,ZA139G2B,ST8000NM0055,8.00156E+12,1,100,32,60,35385,100,7,100,0,78,22,22,204344280,200,0,100,76586578720,100,2.78291E+11
2021-04-01,D5G0TE7L,HGST HUH721212ALE600,1.20001E+13,0,100,0,99,8260,100,16,,,,,,,200,0,100,91475282524,100,1.56145E+11
2021-04-01,2AGHMV0Y,HGST HUH721212ALN604,1.20001E+13,0,100,0,98,16275,100,1,,,,,,,200,0,,,,
2021-04-01,11K0A06WF97G,TOSHIBA MG07ACA14TA,1.40005E+13,0,100,0,99,795,100,1,,,,,,,200,0,,,,
2021-04-01,PL1331LAHBXANH,HGST HMS5C4040BLE640,4.00079E+12,0,100,0,94,42051,100,5,,,,,,,200,0,,,,
2021-04-01,ZJV11Y2N,ST12000NM0007,1.20001E+13,0,100,0,76,21547,100,14,100,0,78,22,80,94776760,200,0,100,46837548712,100,2.00328E+11
2021-04-05,ZJV46YE5,ST12000NM0007,1.2E+13,1,100,0,85,13535,100,16,100,0,68,32,81,139093704,200,0,100,67735022816,100,1.96E+11
2021-06-03,66HLS2PLS,TOSHIBA MQ01ABF050,5.00108E+11,1,100,0,8,36823,100,20,,,,,,,200,0,,,,
2021-04-01,ZA21FBSJ,ST10000NM0086,1.00008E+13,0,100,0,65,30989,100,7,100,0,74,26,80,99181880,200,0,100,85027466088,100,2.69222E+11
2021-04-01,ZA11Q03H,ST8000DM002,8.00156E+12,0,100,0,55,39458,100,3,100,0,66,34,1,110406472,200,0,100,85710329144,100,2.54415E+11
2021-04-01,ZJV0NSTB,ST12000NM0007,1.20001E+13,0,100,0,85,14008,100,9,100,0,72,28,81,133086512,200,0,100,76286544256,100,1.45077E+11
2021-04-01,S301K4ZA,ST4000DM000,4.00079E+12,0,100,0,46,47526,100,37,97,3,75,25,,,200,0,100,62366692888,100,2.5965E+11
2021-06-05,Z304JH1S,ST4000DM000,4.00079E+12,1,94,8264,44,49657,100,14,1,117,81,19,,,200,0,100,58241167424,100,3.47021E+11
2021-04-01,AAG6A02H,HGST HUH721212ALN604,1.20001E+13,0,100,0,98,19996,100,2,,,,,,,200,0,,,,
2021-06-07,2AGMNNWY,HGST HUH721212ALN604,1.20001E+13,1,100,0,98,18121,100,3,,,,,,,200,0,,,,
2021-04-01,Z304JXY3,ST4000DM000,4.00079E+12,0,100,0,46,48041,100,13,100,0,67,33,,,200,0,100,63573699376,100,2.77891E+11
2021-04-15,ZHZ3C5TK,ST14000NM0138,1.4E+13,1,100,64,97,2846,100,23,1,321,71,29,3,14433776,200,0,100,36856832925,100,48363714485
2021-04-01,5PHKUVPD,HGST HUH721212ALE604,1.20001E+13,0,100,0,100,1233,100,5,,,,,,,200,0,,,,
2021-04-28,Z305B6V4,ST4000DM000,4E+12,1,100,0,48,46356,100,10,100,0,73,27,,,200,0,100,58073698720,100,2.79E+11
2021-05-15,ZHZ3RCPD,ST12000NM0008,1.20001E+13,1,100,0,85,14011,100,1,100,0,62,38,1,74571000,200,0,100,69245606864,100,2.07441E+11
2021-06-05,Z304XR03,ST4000DM000,4.00079E+12,1,100,0,47,46624,100,21,100,0,70,30,,,200,0,100,57023201984,100,3.1793E+11
2021-04-01,ZHZ6C02A,ST12000NM0008,1.20001E+13,0,100,0,91,8593,100,3,100,0,69,31,1,96564248,200,0,100,55857711640,100,1.00245E+11
2021-06-19,ZA1395VB,ST8000NM0055,8.00156E+12,1,86,56633,60,35479,100,3,1,141,66,34,20,73190896,200,0,100,76665931560,100,3.19508E+11
2021-04-17,ZHZ3C64K,ST14000NM0138,1.4E+13,1,100,8,96,3731,100,20,1,212,61,39,3,30973128,200,0,100,39882436979,100,42913348668
2021-06-23,ZA13W5P7,ST8000DM002,8.00156E+12,1,96,17008,56,38781,100,19,14,86,52,48,24,19116312,200,0,100,81150019704,100,3.01243E+11
2021-04-29,ZHZ456AD,ST12000NM0008,1.2E+13,1,100,2680,85,13223,100,2,90,10,73,27,1,221183504,200,0,100,67771693912,100,1.32E+11
2021-06-19,PL2331LAHB10BJ,HGST HMS5C4040BLE640,4.00079E+12,1,100,127,95,37372,100,11,,,,,,,200,0,,,,
2021-04-01,PL2331LAHDTGGJ,HGST HMS5C4040BLE640,4.00079E+12,0,100,0,95,35478,100,11,,,,,,,200,0,,,,
2021-06-11,ZHZ3HZ6B,ST12000NM0008,1.20001E+13,1,100,0,85,13555,100,7,100,0,66,34,1,44352640,200,0,100,62683992192,100,1.97127E+11
2021-06-28,S301GPK5,ST4000DM000,4.00079E+12,1,100,0,43,50540,100,20,100,0,78,22,,,200,0,100,65594526088,100,3.01334E+11
2021-04-02,X880A094F97G,TOSHIBA MG07ACA14TA,1.4E+13,1,100,0,70,12338,100,9,,,,,,,200,0,,,,
2021-04-16,ZL230W3Z,ST16000NM001G,1.6E+13,1,100,0,99,879,100,1,100,0,71,29,,,200,0,100,10115124720,100,9170143148
2021-04-30,ZA148GCH,ST8000NM0055,8E+12,1,28,24648,59,36033,100,5,1,483,60,40,82,143533408,200,0,100,74937268584,100,3.05E+11
2021-04-01,ZA18CDW5,ST8000NM0055,8.00156E+12,0,100,0,65,31354,100,39,100,0,76,24,84,226572552,200,0,100,68383886560,100,2.40998E+11
2021-04-14,ZS5064WT,ST10000NM001G,1E+13,1,100,0,100,174,100,1,100,0,71,29,,,200,0,100,19851756664,100,1076975858
2021-06-18,20H0A1KKF97G,TOSHIBA MG07ACA14TA,1.40005E+13,1,100,1,89,4736,100,2,,,,,,,200,0,,,,
2021-04-01,ZLW0GQ82,ST12000NM001G,1.20001E+13,0,100,0,100,303,100,6,100,0,71,29,,,200,0,100,23439720976,100,1987070277
2021-04-14,Z305JN08,ST4000DM000,4E+12,1,100,0,49,45027,100,6,97,3,62,38,,,200,0,100,52296600856,100,2.72E+11
2021-04-27,8DKLR9JH,HGST HUH721212ALE604,1.2E+13,1,100,0,100,5975,100,2,,,,,,,200,0,,,,
2021-06-14,AAG354SH,HGST HUH721212ALN604,1.20001E+13,1,100,0,98,20259,100,12,,,,,,,200,0,,,,
2021-05-17,S2ZYJ9DG701035,ST500LM012 HN,5.00108E+11,1,252,0,100,29822,100,10,,,,,100,0,200,0,,,,
2021-04-01,ZHZ50R4Z,ST12000NM0008,1.20001E+13,0,100,0,88,10887,100,4,100,0,61,39,1,19728320,200,0,100,59395846168,100,99803785270
2021-04-08,S301KR2Q,ST4000DM000,4E+12,1,100,24,45,48222,100,26,1,296,79,21,,,200,0,100,62006003184,100,3.32E+11
2021-04-25,Y5HXHVPC,WDC WUH721414ALE6L4,1.4E+13,1,100,0,100,1761,100,6,,,,,,,100,0,,,,
2021-04-01,ZA10RYBZ,ST8000DM002,8.00156E+12,0,100,0,54,41133,100,8,100,0,51,49,1,235688896,200,0,100,87462024984,100,2.7654E+11
2021-06-03,ZA140XN1,ST8000NM0055,8.00156E+12,1,100,992,88,11050,100,5,99,1,56,44,76,37922512,200,0,100,27186758144,100,1.17927E+11
2021-04-14,ZLW17S28,ST14000NM001G,1.4E+13,1,100,0,96,3645,100,4,100,0,74,26,,,200,0,100,44301053320,100,74497356784
2021-06-25,S2ZYJ9DFA03938,ST500LM012 HN,5.00108E+11,1,252,0,100,40278,100,11,,,,,100,0,200,0,,,,
2021-06-14,ZHZ4VJEB,ST12000NM0008,1.20001E+13,1,100,96,88,10779,100,3,84,16,74,26,4,233437344,200,0,100,63272450616,100,1.69139E+11
2021-04-01,X1G9386L,WDC WUH721414ALE6L4,1.40005E+13,0,100,0,100,2741,100,1,,,,,,,100,0,,,,
2021-04-01,176FT02UT,TOSHIBA MQ01ABF050M,5E+11,1,100,0,17,33215,100,10,,,,,,,200,0,,,,
2021-06-25,ZL23X2FJ,ST16000NM001G,1.60009E+13,1,100,0,98,2555,100,1,100,0,72,28,,,200,0,100,33154638064,100,34712420884
2021-04-01,ZHZ661NH,ST12000NM0008,1.20001E+13,0,100,0,91,8254,100,1,100,0,67,33,2,202264360,200,0,100,55603457408,100,1.18916E+11
2021-06-04,ZA14EN8V,ST8000NM0055,8.00156E+12,1,98,8728,58,36867,100,7,69,31,62,38,81,130618184,200,0,100,76526787288,100,3.1219E+11
2021-04-01,ZLW0C6ZE,ST12000NM001G,1.20001E+13,0,100,0,92,7227,100,3,100,0,71,29,,,200,0,100,53506776136,100,90300824018
2021-04-01,ZHZ661N8,ST12000NM0008,1.20001E+13,0,100,0,91,8252,100,1,100,0,65,35,3,224854112,200,0,100,55175500440,100,1.23761E+11
2021-05-23,Z304L9MM,ST4000DM000,4.00079E+12,1,100,0,46,48080,100,15,56,44,81,19,,,200,0,100,47984804808,100,3.42097E+11
2021-04-01,ZJV3BFPT,ST12000NM0007,1.2E+13,1,99,4368,85,13437,100,11,88,12,65,35,80,89640480,200,0,100,68917875376,100,1.85E+11
2021-04-01,ZA16YHNH,ST8000NM0055,8.00156E+12,0,100,0,61,34377,100,12,100,0,66,34,76,41234120,200,0,100,74728829456,100,2.49437E+11
2021-04-01,1080A0XBF9RG,TOSHIBA MG07ACA14TEY,1.40005E+13,0,100,0,94,2757,100,29,,,,,,,200,0,100,36304360262,100,29987171845
2021-04-01,40P0A0D5F97G,TOSHIBA MG07ACA14TA,1.40005E+13,0,100,0,88,4891,100,5,,,,,,,200,0,,,,
2021-04-01,ZA10KZ0A,ST8000DM002,8.00156E+12,0,100,0,53,41889,100,6,100,0,79,21,1,90582648,200,0,100,90171895592,100,2.83498E+11
2021-04-01,8DJA6PHH,HGST HUH721212ALE604,1.20001E+13,0,100,0,100,961,100,2,,,,,,,200,0,,,,
2021-04-01,ZLW0GQ8Y,ST12000NM001G,1.20001E+13,0,100,0,93,6909,100,1,100,0,73,27,,,200,0,100,54860970856,100,1.13224E+11
2021-04-06,10K0A0LXF97G,TOSHIBA MG07ACA14TA,1.4E+13,1,100,0,76,9650,100,3,,,,,,,200,0,,,,
2021-04-01,S2ZYJ9DG701035,ST500LM012 HN,5.00108E+11,0,252,0,100,28728,100,10,,,,,100,0,200,0,,,,
2021-04-08,Z302SYT1,ST4000DM000,4E+12,1,100,0,44,49063,100,10,100,0,74,26,,,200,0,100,63329651576,100,2.64E+11
2021-04-01,ZHZ3CXRW,ST14000NM0138,1.40005E+13,0,100,0,97,3208,100,18,100,0,65,35,1,69294952,200,0,100,36881595683,100,32280552804
2021-06-21,7QT01DJG,Seagate BarraCuda 120 SSD ZA250CM10003,2.50059E+11,1,100,0,100,111,100,48,,,,,,,,,100,599,100,3528
2021-04-01,ZHZ3KMX4,ST14000NM0138,1.4E+13,1,100,0,98,2509,100,17,100,0,74,26,4,17307888,200,0,100,34246734355,100,29736752075
2021-04-01,8CGDNTRH,HGST HUH721212ALE600,1.20001E+13,0,100,0,98,18656,100,18,,,,,,,200,0,100,72029818882,100,1.29054E+11
2021-06-09,ZA11JA3J,ST8000DM002,8.00156E+12,1,100,57,51,43536,100,10,97,3,70,30,15,119177064,200,0,100,93412854808,100,2.95386E+11
2021-04-01,ZLW0GQTH,ST12000NM001G,1.20001E+13,0,100,0,93,6910,100,2,100,0,74,26,,,200,0,100,53830719632,100,98773214110
2021-06-15,87DFWOG5T,TOSHIBA MQ01ABF050,5.00108E+11,1,100,0,28,29138,100,10,,,,,,,200,0,,,,
2021-04-23,ZDEB33GD,ST500LM030,5E+11,1,100,0,76,21215,100,16,100,0,73,27,,,200,0,100,53257399584,100,24526130669
2021-04-22,ZL005BE9,ST12000NM0008,1.2E+13,1,92,31656,92,7614,100,5,1,201,77,23,1,80815576,200,0,100,23573910136,100,85641390415
2021-06-03,S301G67C,ST4000DM000,4.00079E+12,1,100,0,43,49965,100,18,87,13,79,21,,,200,0,100,63652941408,100,3.05067E+11
2021-06-12,S300VKL9,ST4000DM000,4.00079E+12,1,100,0,42,51453,100,7,85,15,67,33,,,200,0,100,62937371136,100,3.43448E+11
2021-04-06,ZCH07DVT,ST12000NM0007,1.2E+13,1,81,12736,79,18768,100,17,1,244,72,28,83,202950816,200,0,100,39309122504,100,2.04E+11
2021-04-01,PL2331LAH440XJ,HGST HMS5C4040BLE640,4.00079E+12,0,100,0,94,43805,100,4,,,,,,,200,0,,,,
2021-06-11,5080A0NTF97G,TOSHIBA MG07ACA14TA,1.40005E+13,1,100,0,84,6592,100,3,,,,,,,200,0,,,,
2021-04-01,AAG6VL7H,HGST HUH721212ALN604,1.20001E+13,0,100,0,98,19998,100,2,,,,,,,200,0,,,,
2021-04-01,ZA171SXF,ST8000NM0055,8.00156E+12,0,100,0,61,34364,100,41,100,0,60,40,77,53342440,200,0,100,75034817792,100,2.46633E+11
2021-04-22,Z304KR47,ST4000DM000,4E+12,1,100,16,45,48577,100,14,77,23,79,21,,,200,0,100,61641573744,100,3.52E+11
2021-06-18,S300WD0C,ST4000DM000,4.00079E+12,1,100,0,42,51595,100,8,100,0,68,32,,,200,0,100,64050441656,100,3.70331E+11
2021-04-01,Y5HM1AVC,WDC WUH721414ALE6L4,1.40005E+13,0,100,0,100,1181,100,1,,,,,,,100,0,,,,
2021-04-01,10K0A0DSF97G,TOSHIBA MG07ACA14TA,1.40005E+13,0,100,0,77,9524,100,1,,,,,,,200,0,,,,
2021-05-17,Z302SXMK,ST4000DM000,4.00079E+12,1,100,32,43,50274,100,10,62,38,72,28,,,200,0,100,66639352032,100,2.86742E+11
2021-04-02,ZL22ZX3X,ST16000NM001G,1.6E+13,1,100,0,99,1649,100,1,100,0,72,28,,,200,0,100,5330537288,100,4166265034
2021-05-01,Z304JPST,ST4000DM000,4.00079E+12,1,100,0,45,48768,100,12,100,0,80,20,,,200,0,100,63726393808,100,2.71827E+11
2021-04-01,ZCH0A3ZW,ST12000NM0007,1.20001E+13,0,100,0,68,28228,100,6,100,0,73,27,77,54003904,200,0,100,63785430368,100,2.79042E+11
2021-04-01,7060A0X6FV8G,TOSHIBA MG08ACA16TEY,1.60009E+13,0,100,0,95,2327,100,59,,,,,,,200,0,100,40817905950,100,90822207479
2021-04-08,ZA13Z8E2,ST8000DM002,8E+12,1,100,0,58,36952,100,12,100,0,70,30,1,92431736,200,0,100,78113010208,100,3.04E+11
2021-04-01,X8F0A084F97G,TOSHIBA MG07ACA14TA,1.40005E+13,0,100,0,70,12306,100,5,,,,,,,200,0,,,,
2021-04-01,57GGPD9VT,TOSHIBA MQ01ABF050,5E+11,1,100,0,30,28218,100,24,,,,,,,200,0,,,,
2021-06-26,AAG6UU6H,HGST HUH721212ALN604,1.20001E+13,1,100,0,98,18192,100,34,,,,,,,200,0,,,,
2021-04-01,PL2331LAHBADVJ,HGST HMS5C4040BLE640,4.00079E+12,0,100,0,95,36096,100,11,,,,,,,200,0,,,,
2021-06-26,ZA21A5JL,ST10000NM0086,1.00008E+13,1,99,4446,63,33044,100,13,53,47,70,30,77,53269752,200,0,100,87883981944,100,2.81759E+11
2021-04-26,70J0A04BF97G,TOSHIBA MG07ACA14TA,1.4E+13,1,100,0,94,2580,100,3,,,,,,,200,0,,,,
2021-04-01,ZLW0EGSL,ST12000NM001G,1.20001E+13,0,100,0,93,6582,100,2,100,0,63,37,,,200,0,100,48753886760,100,89233891426
2021-04-01,X1G7YBYL,WDC WUH721414ALE6L4,1.40005E+13,0,100,0,100,3716,100,2,,,,,,,100,0,,,,
2021-04-01,ZCH0798A,ST12000NM0007,1.20001E+13,0,100,104,67,29048,100,10,100,0,80,20,82,173496608,200,0,100,73538373664,100,2.39135E+11
2021-04-01,Z3058QFX,ST4000DM000,4.00079E+12,0,100,0,48,45697,100,8,100,0,79,21,,,200,0,100,57323987000,100,2.89295E+11
2021-04-01,PL2331LAH3W3TJ,HGST HMS5C4040BLE640,4.00079E+12,0,100,0,94,43802,100,4,,,,,,,200,0,,,,
2021-04-01,ZA21670W,ST10000NM0086,1.00008E+13,0,100,0,65,30990,100,9,100,0,72,28,76,39579368,200,0,100,84211862888,100,2.86077E+11
2021-04-25,QGK9LA0T,WDC WUH721414ALE6L4,1.4E+13,1,100,0,100,3311,100,2,,,,,,,100,0,,,,
2021-04-01,Z305GWJF,ST4000DM000,4.00079E+12,0,100,0,49,44881,100,11,100,0,57,43,,,200,0,100,54146933832,100,3.51476E+11
2021-04-30,ZHZ62LK8,ST12000NM0008,1.2E+13,1,100,192,89,9693,100,2,89,11,66,34,1,7743080,200,0,100,61223978576,100,1.55E+11
2021-06-09,176FT01TT,TOSHIBA MQ01ABF050M,5.00108E+11,1,100,0,13,34861,100,10,,,,,,,200,0,,,,
2021-06-17,PL2331LAHBTMJJ,HGST HMS5C4040BLE640,4.00079E+12,1,100,0,95,37314,100,10,,,,,,,200,0,,,,
2021-06-03,10K0A0SWF97G,TOSHIBA MG07ACA14TA,1.40005E+13,1,100,0,73,11050,100,3,,,,,,,200,0,,,,
2021-06-04,Z305DFVV,ST4000DM000,4.00079E+12,1,100,0,56,38985,100,8,48,52,79,21,,,200,0,100,38420366280,100,2.98349E+11
2021-04-01,ZA1819VW,ST8000NM0055,8.00156E+12,0,100,0,65,31459,100,13,100,0,76,24,83,188191832,200,0,100,67367735064,100,2.85842E+11
2021-04-19,ZLW18EX4,ST14000NM001G,1.4E+13,1,100,56,95,4420,100,3,1,142,70,30,,,200,0,100,44233675400,100,82373466284
2021-04-01,ZHZ3EWTP,ST14000NM0138,1.40005E+13,0,100,0,97,3208,100,18,100,0,66,34,2,27787216,200,0,100,36999683995,100,32365168959
2021-04-01,ZLW0GJWF,ST12000NM001G,1.20001E+13,0,100,0,99,1485,100,3,100,0,66,34,,,200,0,100,23454965264,100,39337258587
2021-04-01,VKGZHKUX,HGST HUH728080ALE600,8.00156E+12,0,100,0,96,29538,100,3,,,,,,,200,0,,,,
2021-05-22,AAG7458H,HGST HUH721212ALN604,1.20001E+13,1,100,0,98,19704,100,2,,,,,,,200,0,,,,
2021-04-01,5080A11CF97G,TOSHIBA MG07ACA14TA,1.40005E+13,0,100,0,99,521,100,6,,,,,,,200,0,,,,
2021-04-01,ZHZ51PPV,ST12000NM0008,1.20001E+13,0,100,0,90,9571,100,3,100,0,67,33,2,90829672,200,0,100,54902497632,100,1.29515E+11
2021-04-01,Z30594XP,ST4000DM000,4.00079E+12,0,100,0,48,45696,100,9,100,0,78,22,,,200,0,100,59796368072,100,3.10987E+11
2021-04-03,ZA180YTV,ST8000NM0055,8E+12,1,96,17784,63,32659,100,11,77,23,60,40,80,107236280,200,0,100,70922309920,100,2.74E+11
2021-06-23,ZA127XZ6,ST8000DM002,8.00156E+12,1,99,4392,50,43876,100,10,66,34,79,21,14,60353016,200,0,100,93747856544,100,3.08148E+11
2021-06-15,WD-WX31A2464044,WDC WD5000LPVX,5.00108E+11,1,200,0,18,60201,100,23,,,,,,,200,0,,,,
2021-04-25,ZA16DQW7,ST8000NM0055,8E+12,1,100,72,59,36157,100,28,97,3,53,47,82,150621328,200,0,100,76475947160,100,2.71E+11
2021-04-15,ZHZ2H8XV,ST14000NM0138,1.4E+13,1,100,24,96,3544,100,18,26,74,71,29,4,132019832,200,0,100,38062181547,100,53867767499
2021-04-19,Z303R42A,ST4000DM000,4E+12,1,100,0,45,48881,100,21,97,3,74,26,,,200,0,100,64344179112,100,3E+11
2021-04-01,88P0A0JVF97G,TOSHIBA MG07ACA14TA,1.40005E+13,0,100,0,46,21895,100,7,,,,,,,200,0,,,,
2021-04-05,ZLW18PBZ,ST14000NM001G,1.4E+13,1,100,0,96,4099,100,1,93,7,72,28,,,200,0,100,45327684616,100,61713437354
2021-04-01,X0GE779C,WDC WUH721414ALE6L4,1.40005E+13,0,100,0,100,2743,100,2,,,,,,,100,0,,,,
2021-04-01,ZA13PJKF,ST8000DM002,8.00156E+12,0,100,0,61,34247,100,5,100,0,65,35,1,184403512,200,0,100,69513402696,100,2.63428E+11
2021-04-01,ZLW17SAG,ST14000NM001G,1.40005E+13,0,100,0,97,3294,100,6,100,0,77,23,,,200,0,100,42102242864,100,63757367564
2021-04-01,ZA170V4J,ST8000NM0055,8.00156E+12,0,100,0,63,32742,100,6,100,0,64,36,81,117585432,200,0,100,67678526704,100,2.90112E+11
2021-04-28,1170A02GF97G,TOSHIBA MG07ACA14TA,1.4E+13,1,100,0,97,1446,100,1,,,,,,,200,0,,,,
2021-04-01,ZLW18MP2,ST14000NM001G,1.40005E+13,0,100,0,96,3982,100,3,100,0,73,27,,,200,0,100,41025106488,100,77545518640
2021-06-09,PL2331LAHDL76J,HGST HMS5C4040BLE640,4.00079E+12,1,100,0,95,39364,100,10,,,,,,,200,0,,,,
2021-06-21,ZCH0DXV4,ST12000NM0007,1.20001E+13,1,1,0,71,26011,100,39,43,57,82,18,77,52156360,200,0,100,43689861560,100,2.26306E+11
2021-04-01,ZJV5NK0J,ST12000NM0007,1.20001E+13,0,100,0,86,12311,100,5,100,0,69,31,82,159991232,200,0,100,63029020336,100,2.15208E+11
2021-04-01,ZLW18E4D,ST14000NM001G,1.40005E+13,0,100,0,97,3328,100,1,100,0,75,25,,,200,0,100,41678590016,100,65472740970
2021-04-01,ZL23XFC7,ST16000NM001G,1.60009E+13,0,100,0,100,502,100,1,100,0,68,32,,,200,0,100,3602110176,100,2462821858
2021-06-02,ZA16DQ7T,ST8000NM0055,8.00156E+12,1,100,0,58,37014,100,13,100,0,67,33,81,135779566,200,0,100,78107869312,100,2.72932E+11
2021-04-15,57QEWPXMT,TOSHIBA MQ01ABF050,5E+11,1,100,0,21,31965,100,8,,,,,,,200,0,,,,
2021-06-09,Z304JW0M,ST4000DM000,4.00079E+12,1,95,5952,44,49187,100,9,1,421,78,22,,,200,0,100,62464925536,100,3.0811E+11
2021-06-06,Z302SYRY,ST4000DM000,4.00079E+12,1,100,0,43,50044,100,13,75,25,74,26,,,200,0,100,65694858496,100,2.89174E+11
2021-04-01,X0GE72BC,WDC WUH721414ALE6L4,1.40005E+13,0,100,0,100,2642,100,1,,,,,,,100,0,,,,
2021-04-12,Z305AQRM,ST4000DM000,4E+12,1,100,0,47,46814,100,10,100,0,79,21,,,200,0,100,59867283576,100,2.76E+11
2021-04-10,ZA174QRH,ST8000NM0055,8E+12,1,100,0,63,32948,100,5,100,0,65,35,81,118516552,200,0,100,67848868528,100,2.94E+11
2021-04-01,PL1331LAHGXP6H,HGST HMS5C4040ALE640,4.00079E+12,0,100,0,95,36115,100,8,,,,,,,200,0,,,,
2021-05-27,ZLW0W6ZN,ST12000NM001G,1.20001E+13,1,100,0,100,357,100,114,100,0,77,23,,,200,0,100,23521388968,100,1764853309
2021-04-01,10M0A01HF97G,TOSHIBA MG07ACA14TA,1.40005E+13,0,100,0,77,9533,100,2,,,,,,,200,0,,,,
2021-04-16,QGKAG6GT,WDC WUH721414ALE6L4,1.4E+13,1,100,0,100,3096,100,1,,,,,,,100,0,,,,
2021-04-01,ZHZ4W3D3,ST12000NM0008,1.20001E+13,0,100,0,90,8997,100,2,100,0,69,31,1,189887392,200,0,100,59264152696,100,1.33797E+11
2021-06-26,Y5HXHKVC,WDC WUH721414ALE6L4,1.40005E+13,1,100,0,100,3241,100,1,,,,,,,100,0,,,,
2021-06-07,ZA11FD2X,ST8000DM002,8.00156E+12,1,100,2992,55,39631,100,9,97,3,64,36,15,49731088,200,0,100,85423985440,100,2.97984E+11
2021-04-08,Y840A00BF97G,TOSHIBA MG07ACA14TA,1.4E+13,1,100,0,93,3021,100,3,,,,,,,200,0,,,,
2021-04-03,57HBWEEGT,TOSHIBA MQ01ABF050,5E+11,1,100,0,28,28953,100,15,,,,,,,200,0,,,,
2021-06-27,11K0A02YF97G,TOSHIBA MG07ACA14TA,1.40005E+13,1,100,0,93,2883,100,1,,,,,,,200,0,,,,
2021-04-01,PL1331LAGRHPSH,HGST HMS5C4040ALE640,4.00079E+12,0,100,0,92,59590,100,25,,,,,,,200,0,,,,
2021-06-21,ZCH0CCRE,ST12000NM0007,1.20001E+13,1,1,0,66,30146,100,11,1,26998,77,23,66,3741512,200,0,100,64104630464,100,3.36452E+11
2021-04-01,ZL22VP50,ST16000NM001G,1.60009E+13,0,100,0,100,495,100,2,100,0,69,31,,,200,0,100,3677534576,100,2384406026
2021-04-01,ZL005BV8,ST12000NM0008,1.20001E+13,0,100,0,94,5501,100,4,100,0,66,34,3,235998552,200,0,100,23517219824,100,66076675051
2021-04-01,70E0A0NYF97G,TOSHIBA MG07ACA14TA,1.40005E+13,0,100,0,91,3913,100,2,,,,,,,200,0,,,,
2021-06-16,ZHZ3VV9D,ST12000NM0008,1.20001E+13,1,100,40,84,14782,100,4,98,2,70,30,1,165902216,200,0,100,71458734832,100,2.29489E+11
2021-04-01,ZA12AT21,ST8000NM0055,8.00156E+12,0,100,8,63,33240,100,8,100,0,66,34,1,104155304,200,0,100,71926486256,100,2.48036E+11
2021-06-16,Z302T70Q,ST4000DM000,4.00079E+12,1,100,0,43,50534,100,33,78,22,71,29,,,200,0,100,66278355952,100,2.89324E+11
2021-04-01,7LZ01MYC,Seagate BarraCuda SSD ZA250CM10002,2.50059E+11,0,100,0,100,12738,100,14,,,,,,,,,100,30570,100,15567
2021-04-07,Z302T748,ST4000DM000,4E+12,1,91,12296,45,48870,100,32,1,592,71,29,,,200,0,100,67212470624,100,3.06E+11
2021-04-01,40U0A00TF97G,TOSHIBA MG07ACA14TA,1.40005E+13,0,100,0,85,6026,100,5,,,,,,,200,0,,,,
2021-04-01,AAG6TBWH,HGST HUH721212ALN604,1.20001E+13,0,100,0,98,16150,100,4,,,,,,,200,0,,,,
2021-04-01,40P0A04VF97G,TOSHIBA MG07ACA14TA,1.40005E+13,0,100,0,85,6293,100,3,,,,,,,200,0,,,,
2021-04-01,ZA153SD9,ST8000NM0055,8.00156E+12,0,100,8,63,33236,100,8,100,0,53,47,22,73856720,200,0,100,70611366840,100,2.60158E+11
2021-04-02,S300YCYJ,ST4000DM000,4E+12,1,100,0,43,50559,100,15,98,2,77,23,,,200,0,100,68022769968,100,2.82E+11
2021-04-15,S2ZYJ9GGB01023,ST500LM012 HN,5E+11,1,252,0,100,15861,100,4,,,,,100,0,200,0,,,,
2021-06-02,Z305NZMD,ST4000DM000,4.00079E+12,1,100,0,48,46230,100,9,100,0,72,28,,,200,0,100,54986671824,100,2.77883E+11
2021-04-01,ZLW18P9B,ST14000NM001G,1.40005E+13,0,100,0,96,4070,100,4,100,0,67,33,,,200,0,100,41352248968,100,75081278374
2021-04-01,PL2331LAHDRNJJ,HGST HMS5C4040BLE640,4.00079E+12,0,100,0,94,43401,100,3,,,,,,,200,0,,,,
2021-06-02,Z304JW65,ST4000DM000,4.00079E+12,1,100,0,44,49533,100,12,13,87,77,23,,,200,0,100,62488100160,100,2.86334E+11
2021-04-05,ZL23WSSA,ST16000NM001G,1.6E+13,1,100,0,100,616,100,3,94,6,70,30,,,200,0,100,4963966496,100,3542997244
2021-04-01,5PHN1V5D,HGST HUH721212ALE604,1.20001E+13,0,100,0,100,146,100,2,,,,,,,200,0,,,,
2021-04-19,ZL22ZXH9,ST16000NM001G,1.6E+13,1,100,0,99,945,100,1,93,7,70,30,,,200,0,100,11326753400,100,10506857886
2021-06-19,ZHZ39KGM,ST14000NM0138,1.40005E+13,1,100,0,95,5238,100,17,1,197,68,32,1,116414152,200,0,100,50140570139,100,63258239284
2021-06-01,ZL22ZHRB,ST16000NM001G,1.60009E+13,1,100,0,98,1967,100,2,100,0,73,27,,,200,0,100,26115319248,100,34557458058
2021-06-21,ZA12KYYH,ST8000DM002,8.00156E+12,1,100,0,52,42855,100,5,100,0,67,33,1,59245152,200,0,100,82313199960,100,3.69948E+11
2021-06-15,ZA18197Y,ST8000NM0055,8.00156E+12,1,99,4560,62,33917,100,15,76,24,55,45,83,221050320,200,0,100,70434134656,100,3.17026E+11
2021-04-04,ZCH0APGY,ST12000NM0007,1.2E+13,1,48,8768,71,25461,100,3,1,704,73,27,82,146868744,200,0,100,59626996016,100,2.57E+11
2021-06-28,Z7OVTDCCT,TOSHIBA MQ01ABF050M,5.00108E+11,1,100,0,45,22228,100,23,,,,,,,200,0,,,,
2021-05-16,X0GDYMJC,WDC WUH721414ALE6L4,1.40005E+13,1,100,0,100,5093,100,1,,,,,,,100,0,,,,
2021-04-01,ZA17ZNM9,ST8000NM0055,8.00156E+12,0,100,0,65,31466,100,9,100,0,76,24,81,139934144,200,0,100,67426221352,100,2.83379E+11
2021-06-11,ZHZ3G2A6,ST14000NM0138,1.40005E+13,1,100,2000,96,4212,100,17,1,2234,67,33,3,31348488,200,0,100,48329048155,100,51069037827
2021-04-01,40P0A03WF97G,TOSHIBA MG07ACA14TA,1.40005E+13,0,100,0,86,5764,100,1,,,,,,,200,0,,,,
2021-04-01,ZL230LM5,ST16000NM001G,1.60009E+13,0,100,0,99,1039,100,2,100,0,66,34,,,200,0,100,4931490688,100,3913874500
2021-06-08,97JPT4KNT,TOSHIBA MQ01ABF050M,5.00108E+11,1,100,0,36,25674,100,12,,,,,,,200,0,,,,
2021-04-01,ZHZ66A11,ST12000NM0008,1.20001E+13,0,100,0,99,895,100,3,100,0,79,21,1,189925376,200,0,100,23447965928,100,17028286349
2021-06-10,ZA1327ZB,ST8000DM002,8.00156E+12,1,100,1752,54,41141,100,3,88,12,59,41,18,7341224,200,0,100,86991762880,100,2.89002E+11
2021-04-01,ZJV001HF,ST12000NM0007,1.20001E+13,0,100,0,72,25390,100,13,100,0,72,28,80,110310840,200,0,100,51397509016,100,2.18E+11
2021-04-08,87DFWOGLT,TOSHIBA MQ01ABF050,5E+11,1,100,416,25,30003,100,30,,,,,,,200,0,,,,
2021-04-01,Y5HWJJUC,WDC WUH721414ALE6L4,1.40005E+13,0,100,0,100,1180,100,1,,,,,,,100,0,,,,
2021-04-01,Z304KR3X,ST4000DM000,4.00079E+12,0,100,0,46,48048,100,12,100,0,77,23,,,200,15,100,63024185944,100,2.69137E+11
2021-04-01,ZA16DR5A,ST8000NM0055,8.00156E+12,0,100,0,60,35591,100,3,100,0,69,31,73,17896416,200,0,100,77117836768,100,2.6014E+11
2021-04-01,Z305B6SV,ST4000DM000,4.00079E+12,0,100,0,48,45702,100,19,100,0,77,23,,,200,0,100,58099362720,100,2.88101E+11
2021-04-01,Z305KX50,ST4000DM000,4.00079E+12,0,100,0,49,44709,100,6,100,0,63,37,,,200,0,100,51128728408,100,2.58159E+11
2021-04-01,5PHHEV6D,HGST HUH721212ALE604,1.20001E+13,0,100,0,100,1228,100,4,,,,,,,200,0,,,,
2021-04-01,ZA1819V0,ST8000NM0055,8.00156E+12,0,100,0,63,32610,100,6,100,0,65,35,82,168381776,200,0,100,71733116448,100,2.55146E+11
2021-04-01,ZJV1CSW5,ST12000NM0007,1.20001E+13,0,100,0,73,23705,100,5,100,0,75,25,82,156849576,200,0,100,56862893024,100,2.17952E+11
2021-04-16,ZHZ3MKC8,ST14000NM0138,1.4E+13,1,100,0,97,2887,100,18,100,0,69,31,4,18294880,200,0,100,35883286355,100,34692732912
2021-04-14,57HBWEEMT,TOSHIBA MQ01ABF050,5E+11,1,100,0,27,29222,100,20,,,,,,,200,0,,,,
2021-04-01,10B0A06BF97G,TOSHIBA MG07ACA14TA,1.40005E+13,0,100,0,76,9920,100,2,,,,,,,200,0,,,,
2021-04-01,8CGKBABG,HGST HUH721212ALE600,1.20001E+13,0,100,0,98,15621,100,20,,,,,,,200,0,100,76751589164,100,1.6903E+11
2021-05-27,ZCH06D6V,ST12000NM0007,1.20001E+13,1,75,36512,65,31362,100,18,1,180,76,24,82,145719952,200,0,100,73436522488,100,2.85596E+11
2021-05-25,ZA142SQS,ST8000DM002,8.00156E+12,1,100,0,55,40055,100,6,100,0,63,37,1,25189568,200,0,100,83455182208,100,2.91501E+11
2021-04-01,PL1331LAHD406H,HGST HMS5C4040BLE640,4.00079E+12,0,100,0,94,43006,100,12,,,,,,,200,0,,,,
2021-06-09,ZHZ3J2PG,ST14000NM0138,1.40005E+13,1,100,8,95,5007,100,23,71,29,74,26,1,97813192,200,0,100,49223012741,100,58786182894
2021-04-01,X0GG3BUC,WDC WUH721414ALE6L4,1.40005E+13,0,100,0,100,4016,100,1,,,,,,,100,0,,,,
2021-04-01,ZHZ50XG1,ST12000NM0008,1.20001E+13,0,100,0,88,11258,100,8,100,0,69,31,3,64177784,200,0,100,57837261168,100,1.48282E+11
2021-04-01,ZA16DSKY,ST8000NM0055,8.00156E+12,0,100,0,60,35592,100,9,100,0,69,31,75,29763648,200,0,100,76104429984,100,2.66181E+11
2021-04-10,ZA17T8H3,ST8000NM0055,8E+12,1,72,46824,64,32144,100,14,1,118,61,39,80,109629184,200,0,100,69871826184,100,2.44E+11
2021-04-01,ZA1813VX,ST8000NM0055,8.00156E+12,0,100,0,64,31636,100,6,100,0,67,33,83,194191288,200,0,100,69052152712,100,2.45548E+11
2021-04-22,ZHZ30GTQ,ST14000NM0138,1.4E+13,1,100,88,97,3016,100,17,1,1266,75,25,1,65473832,200,0,100,37757306571,100,34086927067
2021-04-01,ZHZ3SZDH,ST12000NM0008,1.2E+13,1,100,8,88,10898,100,9,78,22,68,32,1,172026692,200,0,100,58593924896,100,1.02E+11
2021-04-01,Z304XYA2,ST4000DM000,4.00079E+12,0,100,0,49,45078,100,11,100,0,74,26,,,200,0,100,56802944448,100,2.55227E+11
2021-04-01,5PHKY40F,HGST HUH721212ALE604,-1,0,100,0,79,15968,100,18.5,,,,,,,200,,,,,
2021-04-22,5090A0XBF97G,TOSHIBA MG07ACA14TA,1.4E+13,1,100,0,100,47,100,1,,,,,,,200,0,,,,
2021-04-01,8CGGN2LG,HGST HUH721212ALE600,1.20001E+13,0,100,0,98,15621,100,35,,,,,,,200,0,100,81624958937,100,1.99455E+11
2021-04-01,70J0A023F97G,TOSHIBA MG07ACA14TA,1.40005E+13,0,100,0,96,1654,100,1,,,,,,,200,0,,,,
2021-05-26,ZHZ3NFEE,ST12000NM0008,1.20001E+13,1,100,56,84,14262,100,19,52,48,65,35,1,103660688,200,0,100,70386488656,100,2.02423E+11
2021-04-01,5PHKT95D,HGST HUH721212ALE604,1.20001E+13,0,100,0,100,1188,100,3,,,,,,,200,0,,,,
2021-04-01,40N0A0GZF97G,TOSHIBA MG07ACA14TA,1.40005E+13,0,100,0,91,3921,100,3,,,,,,,200,0,,,,
2021-04-01,ZLW0GEVB,ST12000NM001G,1.20001E+13,0,100,0,93,6948,100,2,100,0,74,26,,,200,0,100,54010494472,100,92248615118
2021-06-28,ZDED57CM,ST500LM030,5.00108E+11,1,100,0,79,19221,100,5,100,0,71,29,,,200,0,100,66849416624,100,46643672862
2021-06-03,ZA12F8KJ,ST8000DM002,8.00156E+12,1,79,20112,54,40976,100,5,1,244,69,31,21,101493048,200,0,100,86576961752,100,2.83546E+11
2021-04-01,8HKUB3LH,HGST HUH721212ALN604,1.20001E+13,0,100,0,98,18479,100,4,,,,,,,200,0,,,,
2021-06-21,S301GS51,ST4000DM000,4.00079E+12,1,100,16,43,50377,100,19,32,68,78,22,,,200,0,100,64621055400,100,3.11884E+11
2021-06-18,202328794E6C,MTFDDAV240TCB,2.40057E+11,1,100,0,100,5725,100,21,,,,,100,0,100,0,,,,
2021-04-13,17QEC1F5T,TOSHIBA MQ01ABF050,5E+11,1,100,0,19,32564,100,10,,,,,,,200,0,,,,
2021-05-11,PL1331LAHGTD0H,HGST HMS5C4040ALE640,4.00079E+12,1,1,1992,95,36423,100,12,,,,,,,200,0,,,,
2021-04-01,ZL004L17,ST12000NM0008,1.20001E+13,0,100,0,93,6382,100,5,100,0,75,25,2,44645016,200,0,100,23539041536,100,70258232058
2021-04-01,AAG46NTH,HGST HUH721212ALN604,1.20001E+13,0,100,0,98,17814,100,1,,,,,,,200,0,,,,
2021-04-01,40M0A07MF97G,TOSHIBA MG07ACA14TA,1.40005E+13,0,100,0,85,6121,100,3,,,,,,,200,0,,,,
2021-04-23,S301NG4A,ST4000DM000,4E+12,1,100,0,45,48564,100,20,87,13,78,22,,,200,0,100,64873241888,100,3.01E+11
2021-04-15,ZCH09V13,ST12000NM0007,1.2E+13,1,87,54504,68,28559,100,3,63,37,74,26,81,116708352,200,0,100,68789877352,100,2.65E+11
2021-04-01,ZLW0GQ8T,ST12000NM001G,1.20001E+13,0,100,0,92,7706,100,2,100,0,66,34,,,200,0,100,54891076672,100,1.0926E+11
2021-04-01,ZHZ5Z86D,ST12000NM0008,1.20001E+13,0,100,0,91,8374,100,2,100,0,72,28,1,58407224,200,0,100,59199011680,100,1.10293E+11
2021-04-01,S300Z59R,ST4000DM000,4.00079E+12,0,100,0,44,49153,100,13,100,0,68,32,,,200,0,100,66675426600,100,2.68666E+11
2021-05-06,Z302T8PM,ST4000DM000,4.00079E+12,1,100,0,44,49296,100,15,69,31,74,26,,,200,0,100,65635928904,100,2.89805E+11
2021-05-18,Z302SQD0,ST4000DM000,4.00079E+12,1,87,17312,44,49556,100,16,1,160,76,24,,,200,0,100,65298191984,100,8.91881E+11
2021-04-10,ZHZ39ZDM,ST14000NM0138,1.4E+13,1,100,0,97,3421,100,21,1,281,77,23,1,163164586,200,0,100,37688895133,100,36450315668
2021-04-01,ZLW0EG0V,ST12000NM001G,1.20001E+13,0,100,0,92,7197,100,4,100,0,70,30,,,200,0,100,53796719504,100,88814524746
2021-04-01,5PHMG2YD,HGST HUH721212ALE604,1.20001E+13,0,100,0,100,792,100,2,,,,,,,200,0,,,,
2021-04-01,PL1331LAHEPTJH,HGST HMS5C4040BLE640,4.00079E+12,0,100,0,95,36888,100,8,,,,,,,200,0,,,,
2021-06-23,ZA12PTDH,ST8000DM002,8.00156E+12,1,100,0,53,41458,100,5,100,0,71,29,21,89954376,200,0,100,88013780048,100,2.84432E+11
2021-04-01,ZA12KZ1F,ST8000DM002,8.00156E+12,0,100,0,54,40914,100,37,100,0,65,35,1,57355952,200,0,100,78211638568,100,3.40943E+11
2021-06-28,87DFWOFUT,TOSHIBA MQ01ABF050,5.00108E+11,1,100,0,25,30342,100,15,,,,,,,200,0,,,,
2021-04-01,ZA1818AX,ST8000NM0055,8.00156E+12,0,100,0,64,31640,100,6,100,0,67,33,82,161243984,200,0,100,69154930680,100,2.3777E+11
2021-04-17,ZA1818H6,ST8000NM0055,8E+12,1,100,0,64,31844,100,14,100,0,58,42,78,57671872,200,0,100,67124333304,100,2.68E+11
2021-06-21,7M20022F,Seagate BarraCuda SSD ZA2000CM10002,2.0004E+12,1,100,0,100,21876,100,3,,,,,,,,,100,30160,100,14716
2021-04-01,S300Z6YA,ST4000DM000,4.00079E+12,0,100,0,42,51050,100,7,100,0,80,20,,,200,0,100,61839948592,100,5.09122E+11
2021-06-17,177QT3ECT,TOSHIBA MQ01ABF050M,5.00108E+11,1,100,0,16,33949,100,22,,,,,,,200,0,,,,
2021-06-07,ZLW18SK7,ST14000NM001G,1.40005E+13,1,100,0,95,4945,100,11,100,0,73,27,,,200,0,100,52790458184,100,91112982626
2021-06-17,ZA11RXHE,ST8000DM002,8.00156E+12,1,100,1232,53,41310,100,6,90,10,60,40,20,128146712,200,0,100,86897883544,100,2.74387E+11
2021-04-01,ZA18CF5L,ST8000NM0055,8.00156E+12,0,100,0,65,31343,100,7,100,0,77,23,82,157926456,200,0,100,70485344840,100,2.56732E+11
2021-04-01,9KGRBHDL,WDC WUH721414ALE6L4,1.40005E+13,0,100,0,100,3723,100,1,,,,,,,100,0,,,,
2021-04-06,ZA1815BM,ST8000NM0055,8E+12,1,98,10328,64,31589,100,6,97,3,65,35,78,70674168,200,0,100,66862366272,100,2.85E+11
2021-04-25,ZLW18QBR,ST14000NM001G,1.4E+13,1,100,80,96,3909,100,2,94,6,73,27,,,200,0,100,45253219016,100,92826791824
2021-06-09,ZA120RSK,ST8000DM002,8.00156E+12,1,96,19064,52,42786,100,14,1,208,58,42,16,12828000,200,0,100,87735591072,100,3.54332E+11
2021-04-14,ZDECQQ39,ST500LM030,5E+11,1,100,0,76,21244,100,20,100,0,64,36,,,200,0,100,86440707508,100,47539451326
2021-04-01,ZA12PT32,ST8000DM002,8.00156E+12,0,100,0,54,40922,100,7,100,0,73,27,1,151561096,200,0,100,79922834760,100,3.57094E+11
2021-04-01,Z304KCK4,ST4000DM000,4.00079E+12,0,100,0,46,48072,100,23,100,0,76,24,,,200,0,100,61302487232,100,3.18057E+11
2021-04-01,8HKEYASH,HGST HUH721212ALN604,1.20001E+13,0,100,0,98,17815,100,6,,,,,,,200,0,,,,
2021-04-01,Z304JDSY,ST4000DM000,4.00079E+12,0,100,0,46,47373,100,4,100,0,78,22,,,200,0,100,58795687184,100,2.92559E+11
2021-04-01,ZCH0E70F,ST12000NM0007,1.20001E+13,0,100,0,72,25393,100,10,100,0,81,19,83,203734672,200,0,100,59107410072,100,2.40901E+11
2021-05-01,ZLW0GR5H,ST12000NM001G,1.20001E+13,1,100,0,95,4625,100,3,100,0,77,23,,,200,0,100,23509132400,100,70955600437
2021-04-01,Z3027H4N,ST4000DM000,4.00079E+12,0,100,0,41,52195,100,11,98,2,81,19,,,200,0,100,69292870448,100,3.09148E+11
2021-05-15,ZJV0F4FY,ST12000NM0007,1.20001E+13,1,100,0,70,26438,100,12,100,0,75,25,68,5766624,200,0,100,55378333928,100,2.53954E+11
2021-04-01,2AGN03VY,HGST HUH721212ALN604,1.20001E+13,0,100,0,98,14392,100,2,,,,,,,200,0,,,,
2021-06-05,ZA189J8H,ST8000NM0055,8.00156E+12,1,98,8528,63,32906,100,4,76,24,67,33,83,194305832,200,0,100,70230206408,100,2.53412E+11
2021-04-01,ZHZ50R4C,ST12000NM0008,1.20001E+13,0,100,0,88,11233,100,4,100,0,72,28,2,26962296,200,0,100,58632667360,100,1.59412E+11
2021-04-01,20H0A1CCF97G,TOSHIBA MG07ACA14TA,1.40005E+13,0,100,0,84,6401,100,3,,,,,,,200,0,,,,
2021-06-11,Z302SXGM,ST4000DM000,4.00079E+12,1,100,0,43,50156,100,30,1,154,77,23,,,200,0,100,65701202920,100,2.98492E+11
2021-06-09,97JPT4KFT,TOSHIBA MQ01ABF050M,5.00108E+11,1,100,0,36,25697,100,12,,,,,,,200,0,,,,
2021-04-01,PL2331LAGP178J,HGST HMS5C4040BLE640,4.00079E+12,0,100,0,96,28822,100,6,,,,,,,200,0,,,,
2021-04-08,57QEWPYHT,TOSHIBA MQ01ABF050,5E+11,1,100,0,23,31141,100,8,,,,,,,200,0,,,,
2021-04-01,5080A0THF97G,TOSHIBA MG07ACA14TA,1.40005E+13,0,100,0,88,4892,100,1,,,,,,,200,0,,,,
2021-04-16,AAG799DH,HGST HUH721212ALN604,1.2E+13,1,100,0,98,20346,100,1,,,,,,,200,0,,,,
2021-05-08,ZJV3BE6Z,ST12000NM0007,1.20001E+13,1,1,65520,84,14330,100,5,1,167,68,32,81,141228584,200,0,100,69329502624,100,2.39406E+11
2021-04-01,ZLW0GHR3,ST12000NM001G,1.20001E+13,0,100,0,93,6587,100,1,100,0,63,37,,,200,0,100,48732204032,100,93154521240
2021-04-22,Z304JDTL,ST4000DM000,4E+12,1,100,0,45,48570,100,11,100,0,78,22,,,200,0,100,62057014120,100,3.34E+11
2021-04-01,X0GE5KSC,WDC  WUH721414ALE6L4,1.40005E+13,0,100,0,100,4017,100,1,,,,,,,100,0,,,,
2021-04-01,ZL0005PY,ST12000NM0008,1.20001E+13,0,100,0,87,11857,100,5,100,0,66,34,1,175261560,200,0,100,57786162256,100,1.85554E+11
2021-04-01,ZLW18MPJ,ST14000NM001G,1.40005E+13,0,100,0,95,5088,100,3,100,0,69,31,,,200,0,100,48996754040,100,1.07192E+11
2021-04-10,ZHZ41PBT,ST12000NM0008,1.2E+13,1,100,664,86,12746,100,3,6,94,73,27,1,202408538,200,0,100,66853270944,100,1.48E+11
2021-04-27,ZCH0AYME,ST12000NM0007,1.2E+13,1,100,80,68,28842,100,4,100,0,75,25,76,39783184,200,0,100,61996094024,100,3E+11
2021-04-01,X0GEMXXC,WDC WUH721414ALE6L4,1.40005E+13,0,100,0,100,4007,100,3,,,,,,,100,0,,,,
2021-04-26,2AGPLT5Y,HGST HUH721212ALN604,1.2E+13,1,100,0,98,16735,100,4,,,,,,,200,0,,,,
2021-05-18,Z304HWFF,ST4000DM000,4.00079E+12,1,100,0,45,48508,100,7,99,1,79,21,,,200,0,100,61186569576,100,3.0011E+11
2021-04-01,ZLW0EGC7,ST12000NM001G,1.20001E+13,0,100,0,93,6586,100,1,100,0,56,44,,,200,0,100,48408068256,100,94437161264
2021-04-01,3070A0YHF97G,TOSHIBA MG07ACA14TA,1.40005E+13,0,100,0,90,4206,100,3,,,,,,,200,0,,,,
2021-06-14,ZCH08G3X,ST12000NM0007,1.20001E+13,1,77,25376,67,29301,100,14,1,213,76,24,82,175064312,200,0,100,65104372936,100,2.37561E+11
2021-04-01,ZL005BVM,ST12000NM0008,1.20001E+13,0,100,0,91,8369,100,2,100,0,60,40,1,53240024,200,0,100,59655446328,100,1.32048E+11
2021-04-01,ZHZ3NS9D,ST12000NM0008,1.20001E+13,0,100,0,86,12573,100,3,100,0,68,32,1,5245504,200,0,100,63430171496,100,2.05376E+11
2021-04-01,ZCH071SB,ST12000NM0007,1.20001E+13,0,100,0,67,28920,100,12,100,0,74,26,80,109587048,200,0,100,63129716928,100,2.61199E+11
2021-04-10,40W0A02FF97G,TOSHIBA MG07ACA14TA,1.4E+13,1,100,0,85,6228,100,14,,,,,,,200,12,,,,
2021-04-01,ZL005CB6,ST12000NM0008,1.20001E+13,0,100,0,96,3721,100,3,100,0,79,21,1,52833960,200,0,100,23486910696,100,60552985823
2021-06-11,ZA189JXX,ST8000NM0055,8.00156E+12,1,100,144,63,33071,100,15,93,7,76,24,82,144561024,200,0,100,70903115520,100,2.63774E+11
2021-06-24,88P0A01LF97G,TOSHIBA MG07ACA14TA,1.40005E+13,1,100,0,41,23888,100,3,,,,,,,200,0,,,,
2021-04-01,7080A0GLF97G,TOSHIBA MG07ACA14TA,1.40005E+13,0,100,0,92,3416,100,2,,,,,,,200,0,,,,
2021-04-01,8CGKZXKG,HGST HUH721212ALE600,1.20001E+13,0,100,0,98,15624,100,30,,,,,,,200,0,100,74794047900,100,1.86959E+11
